-- phpMyAdmin SQL Dump
-- version 4.2.7.1
-- http://www.phpmyadmin.net
--
-- Servidor: 127.0.0.1
-- Tiempo de generación: 02-10-2016 a las 20:45:51
-- Versión del servidor: 5.6.20
-- Versión de PHP: 5.5.15

SET SQL_MODE = "NO_AUTO_VALUE_ON_ZERO";
SET time_zone = "+00:00";


/*!40101 SET @OLD_CHARACTER_SET_CLIENT=@@CHARACTER_SET_CLIENT */;
/*!40101 SET @OLD_CHARACTER_SET_RESULTS=@@CHARACTER_SET_RESULTS */;
/*!40101 SET @OLD_COLLATION_CONNECTION=@@COLLATION_CONNECTION */;
/*!40101 SET NAMES utf8 */;

--
-- Base de datos: `mediasolutions`
--

-- --------------------------------------------------------

--
-- Estructura de tabla para la tabla `auxdetparam`
--

CREATE TABLE IF NOT EXISTS `auxdetparam` (
  `valaux` varchar(255) COLLATE utf8_spanish_ci DEFAULT NULL,
  `descripcion` varchar(255) COLLATE utf8_spanish_ci NOT NULL,
  `codigo` int(11) NOT NULL,
  `estado` tinyint(1) NOT NULL DEFAULT '0',
  `catalogo` int(11) NOT NULL
) ENGINE=InnoDB DEFAULT CHARSET=utf8 COLLATE=utf8_spanish_ci;

--
-- Volcado de datos para la tabla `auxdetparam`
--

INSERT INTO `auxdetparam` (`valaux`, `descripcion`, `codigo`, `estado`, `catalogo`) VALUES
('yellow', 'Amarillo', 0, 1, 3),
(NULL, 'Anulado', 2, 1, 7),
('1', 'Aprobada', 1, 1, 2),
('1', 'Aprobado', 1, 1, 1),
('blue', 'Azul', 4, 1, 3),
(NULL, 'Canje Puntos', 5, 1, 8),
(NULL, 'Cheque', 2, 1, 8),
('CF', 'Credito Fiscal', 3, 1, 4),
(NULL, 'Deposito a Cuenta', 4, 1, 8),
(NULL, 'Efectivo', 1, 1, 8),
('FC', 'Factura Consumidor Final', 1, 1, 4),
('FE', 'Factura Exportación', 2, 1, 4),
('12', 'Impuesto Extranjero', 1, 1, 11),
('13', 'Impuesto Local', 1, 1, 11),
('0', 'Ingresada', 0, 1, 2),
(NULL, 'Ingresado', 0, 1, 7),
(NULL, 'Jueves', 4, 1, 6),
(NULL, 'Lunes', 1, 1, 6),
(NULL, 'Martes', 2, 1, 6),
(NULL, 'Miercoles', 3, 1, 6),
('orange', 'Naranja', 3, 1, 3),
('0', 'No Aprobado', 0, 1, 1),
('NC', 'Nota Credito', 4, 1, 4),
(NULL, 'Pagado', 1, 1, 7),
('4', 'Pagado', 3, 1, 1),
('3', 'Pendiente Facturar', 2, 1, 1),
('procobros', 'Pronostico de Cobros', 2, 1, 9),
('2', 'Rechazada', 2, 1, 2),
('R', 'Recibo Caja Chica', 5, 1, 4),
('cxcsaldos', 'Reporte de Saldos', 3, 1, 9),
('cuentasxcobrar', 'Reporte Detallado ', 1, 1, 9),
('cuentasxpagar', 'Reporte Detallado', 1, 1, 10),
('red', 'Rojo', 2, 1, 3),
(NULL, 'Sabado', 6, 1, 6),
(NULL, 'Todos', 7, 1, 6),
(NULL, 'Transferencia', 3, 1, 8),
('greenyellow', 'Verde', 1, 1, 3),
(NULL, 'Viernes', 5, 1, 6);

-- --------------------------------------------------------

--
-- Estructura de tabla para la tabla `auxparam`
--

CREATE TABLE IF NOT EXISTS `auxparam` (
  `tabla` varchar(255) COLLATE utf8_spanish_ci DEFAULT NULL,
  `estado` tinyint(1) NOT NULL DEFAULT '0',
  `id` int(11) NOT NULL
) ENGINE=InnoDB DEFAULT CHARSET=utf8 COLLATE=utf8_spanish_ci;

--
-- Volcado de datos para la tabla `auxparam`
--

INSERT INTO `auxparam` (`tabla`, `estado`, `id`) VALUES
('estadosevento', 1, 1),
('estadoscotizacion', 1, 2),
('colores', 1, 3),
('documentos', 1, 4),
('tipopago', 1, 5),
('dias', 1, 6),
('estadoscomprobante', 1, 7),
('formapago', 1, 8),
('reportescxc', 1, 9),
('reportescxp', 1, 10),
('tasaimpuesto', 1, 11);

-- --------------------------------------------------------

--
-- Estructura de tabla para la tabla `categorias`
--

CREATE TABLE IF NOT EXISTS `categorias` (
`id_categoria` int(11) NOT NULL,
  `nombre` varchar(255) COLLATE utf8_spanish_ci DEFAULT NULL
) ENGINE=InnoDB  DEFAULT CHARSET=utf8 COLLATE=utf8_spanish_ci AUTO_INCREMENT=7 ;

--
-- Volcado de datos para la tabla `categorias`
--

INSERT INTO `categorias` (`id_categoria`, `nombre`) VALUES
(1, 'VIDEO'),
(2, 'AUDIO'),
(3, 'ILUMINACION'),
(4, 'PROYECCION'),
(5, 'LOUNGE'),
(6, 'BACKING /STANDS');

-- --------------------------------------------------------

--
-- Estructura de tabla para la tabla `clientes`
--

CREATE TABLE IF NOT EXISTS `clientes` (
`id_cliente` int(11) NOT NULL,
  `apellidos` varchar(255) COLLATE utf8_spanish_ci DEFAULT NULL,
  `fechacreacion` date DEFAULT NULL,
  `fechapago` int(11) DEFAULT NULL,
  `fechaquedan` int(11) DEFAULT NULL,
  `nit` varchar(255) COLLATE utf8_spanish_ci DEFAULT NULL,
  `nombres` varchar(255) COLLATE utf8_spanish_ci DEFAULT NULL,
  `nrc` varchar(255) COLLATE utf8_spanish_ci DEFAULT NULL,
  `razonsocial` varchar(255) COLLATE utf8_spanish_ci DEFAULT NULL,
  `telefono` varchar(15) COLLATE utf8_spanish_ci DEFAULT NULL,
  `direccion` varchar(300) COLLATE utf8_spanish_ci DEFAULT NULL
) ENGINE=InnoDB  DEFAULT CHARSET=utf8 COLLATE=utf8_spanish_ci AUTO_INCREMENT=1042 ;

--
-- Volcado de datos para la tabla `clientes`
--

INSERT INTO `clientes` (`id_cliente`, `apellidos`, `fechacreacion`, `fechapago`, `fechaquedan`, `nit`, `nombres`, `nrc`, `razonsocial`, `telefono`, `direccion`) VALUES
(491, NULL, NULL, 5, 1, '9393-170709-101-9', 'AEROVIAS DEL CONTINENTE AMERICANO, SOCIEDADANONIMA SUCURSAL EL SALVADOR ', '201416-5', NULL, NULL, NULL),
(492, NULL, NULL, 5, 7, '', 'BONILLA ZELAYA, ROBERTO ALEJANDRO', '', NULL, NULL, NULL),
(493, NULL, NULL, 5, 2, '0614-170266-001-3', 'ALMACENES SIMAN S.A. DE C.V.', '301-8', NULL, NULL, NULL),
(494, NULL, NULL, 0, 0, '', 'ASOC, SALVADOREÑA DE PRODUCTORES DE SEGUROS ', '', NULL, NULL, NULL),
(495, NULL, NULL, 0, 7, '', 'ASTRAZENECA', '', NULL, NULL, NULL),
(496, NULL, NULL, 5, 7, '0614-310155-001-6', 'BANCO AGRICOLA ', '552-5', NULL, NULL, NULL),
(497, NULL, NULL, 5, 2, '9483-100901-101-0', 'ROBERTO DUEÑAS LIMITADA ', '136097-3', NULL, NULL, NULL),
(498, NULL, NULL, 5, 7, '0611-031104-101-2', 'CARIBE HOSPITALITY EL SALVADOR S.A. DE C.V. ', '180032-8', NULL, NULL, NULL),
(499, NULL, NULL, 0, 0, '0614-161211-101-9', 'CARPE ARQUITECTOS SOCIEDAD ANONIMA DE CAPITAL VARIABLE ', '213544-0', NULL, NULL, NULL),
(500, NULL, NULL, 5, 3, '0614-060398-103-9', 'CENTROAMERICA PORTER NOVELLI S.A. DE C.V.', '105773-1', NULL, NULL, NULL),
(501, NULL, NULL, 0, 0, '', 'CIRCULO DEPORTIVO INTERNACIONAL', '', NULL, NULL, NULL),
(502, NULL, NULL, 0, 0, '', 'CONSEJO EMPRESARIAL SALVADOREÑO PARA EL DESARROLLO SOSTENIBLE', '', NULL, NULL, NULL),
(503, NULL, NULL, 0, 7, '0614-261090-105-1', 'CONSORCIO INDUSTRIAL INDEPENDENCIA S.A DE C.V.', '32488-4', NULL, NULL, NULL),
(504, NULL, NULL, 5, 2, '0614-180608-105-6', 'CREDISIMAN S.A. DE C.V.', '190724-0', NULL, NULL, NULL),
(505, NULL, NULL, 0, 0, '', 'DAVID VILLATORO', '', NULL, NULL, NULL),
(506, NULL, NULL, 5, 7, '0614-150788-106-2', 'DISTRIBUCIONES DIVERSA S.A. DE C.V. ', '271-2', NULL, NULL, NULL),
(507, NULL, NULL, 0, 0, '0614-191103-104-8', 'DISTRIBUIDORA AGELSA S.A. DE C.V. ', '152846-0', NULL, NULL, NULL),
(508, NULL, NULL, 0, 0, '', 'ESTEPHANIE RAMIREZ ', '', NULL, NULL, NULL),
(509, NULL, NULL, 5, 7, '0614-090103-103-5', 'EVENTING S.A. DE C.V. ', '146935-4', NULL, NULL, NULL),
(510, NULL, NULL, 0, 0, '', 'FORUMS GROUP INC ', '', NULL, NULL, NULL),
(511, NULL, NULL, 0, 0, '0614-201080-0049', 'FUNES Y ASOCIADOS PUBLICIDAD S.A. DE C.V. ', '6848-9', NULL, NULL, NULL),
(512, NULL, NULL, 0, 0, '0614-130112-105-3', 'GRG SOCIEDAD ANONIMA DE CAPITAL VARIABLE ', '214353-1', NULL, NULL, NULL),
(513, NULL, NULL, 0, 0, '0614-261006-101-0', 'GRUPO PLAN B S.A. DE C.V. ', '175317-7', NULL, NULL, NULL),
(514, NULL, NULL, 5, 7, '0614-130659-004-1', 'INVERSIONES SIMCO S.A. DE C.V. ', '234-8', NULL, NULL, NULL),
(515, NULL, NULL, 0, 2, '0614-270809-102-3', 'INVERSIONES SOL S.A. DE C.V. ', '195725-3', NULL, NULL, NULL),
(516, NULL, NULL, 0, 0, '', 'IT CONSULTING SOCIEDAD ANONIMA DE CAPITAL VARIABLE', '', NULL, NULL, NULL),
(517, NULL, NULL, 0, 0, '', 'JORGE HERNANDEZ', '', NULL, NULL, NULL),
(518, NULL, NULL, 0, 0, '', 'KAREN FERNANDEZ ', '', NULL, NULL, NULL),
(519, NULL, NULL, 0, 0, '', 'LIEV S.A. DE C.V. ', '', NULL, NULL, NULL),
(520, NULL, NULL, 0, 0, '', 'MARCELA DE GUTIERREZ', '', NULL, NULL, NULL),
(521, NULL, NULL, 0, 0, '', 'MARCO VALDEZ ', '', NULL, NULL, NULL),
(522, NULL, NULL, 0, 0, '', 'MIGUEL MOLINA ', '', NULL, NULL, NULL),
(523, NULL, NULL, 0, 0, '', 'OPAQ', '', NULL, NULL, NULL),
(524, NULL, NULL, 0, 0, '', 'PEDRO APARICIO ', '', NULL, NULL, NULL),
(525, NULL, NULL, 5, 7, '0614-201109-103-3', 'PLUS SOLUTIONS S.A. DE C.V. ', '207751-6', NULL, NULL, NULL),
(526, NULL, NULL, 0, 0, '', 'PRODUCTIVE BUSINESS SOLUTIONS EL SALVADOR S.A. DE C.V. ', '', NULL, NULL, NULL),
(527, NULL, NULL, 0, 0, '', 'RENSICA S.A. DE C.V. ', '', NULL, NULL, NULL),
(528, NULL, NULL, 0, 0, '', 'SECRETARIA GENERAL DEL SICA', '', NULL, NULL, NULL),
(529, NULL, NULL, 0, 0, '', 'SG-SICA', '', NULL, NULL, NULL),
(530, NULL, NULL, 0, 0, '', 'SG SICA/PAIRCA II/DCIALA/2008/020-018', '', NULL, NULL, NULL),
(531, NULL, NULL, 0, 0, '', 'SG-SICA/TAIWAN/CAC', '', NULL, NULL, NULL),
(532, NULL, NULL, 0, 0, '', 'STAR MOTORS S.A. DE C.V. ', '', NULL, NULL, NULL),
(533, NULL, NULL, 5, 1, '0614-291139-002-9', 'TACA INTERNATIONAL AIRLINES S.A. ', '537-1', NULL, NULL, NULL),
(534, NULL, NULL, 0, 0, '', 'UNIVERSIDAD CENTROAMERICANA JOSE SIMEON CAÑAS', '', NULL, NULL, NULL),
(535, NULL, NULL, 0, 0, '', 'UNIVERSIDAD FRANCISCO GAVIDIA', '', NULL, NULL, NULL),
(536, NULL, NULL, 0, 0, '', 'ANDRES ALVERGUE', '', NULL, NULL, NULL),
(537, NULL, NULL, 0, 0, '', 'ESOURCECAPITAL', '', NULL, NULL, NULL),
(538, NULL, NULL, 0, 0, '', 'SAMUEL MONTERROSA', '', NULL, NULL, NULL),
(539, NULL, NULL, 0, 0, '', 'SULMA ZALDAÑA', '', NULL, NULL, NULL),
(540, NULL, NULL, 0, 0, '', 'TANIA VIDES', '', NULL, NULL, NULL),
(541, NULL, NULL, 0, 0, '0614-140102-102-1', 'TECNASA ES S.A. DE C.V. ', '138130-3', NULL, NULL, NULL),
(542, NULL, NULL, 1, 7, '0614-190955-001-4', 'CIA HOTELERA SALVADOREÑA S.A.', '349-2', NULL, NULL, NULL),
(543, NULL, NULL, 0, 0, '', 'DROGUERIA SANTA LUCIA S.A. DE C.V. ', '', NULL, NULL, NULL),
(544, NULL, NULL, 0, 0, '0614-240707-107-8', 'NEGOCIOS PUBLICITARIOS S.A. DE C.V.', '181400-9', NULL, NULL, NULL),
(545, NULL, NULL, 1, 1, '0614-280606-103-5', 'DOMANI S.A. DE C.V. ', '173181-0', NULL, NULL, NULL),
(546, NULL, NULL, 5, 2, '0614-190393-102-1', 'T.V. OFFER S.A. DE C.V.', '72676-1', NULL, NULL, NULL),
(547, NULL, NULL, 5, 7, '0614-120974-001-3', 'CAMARA AMERICANA DE COMERCIO DE EL SALVADOR ', '47757-5', NULL, NULL, NULL),
(548, NULL, NULL, 0, 0, '', 'CLUB ROTARIOS ', '', NULL, NULL, NULL),
(549, NULL, NULL, 0, 0, '', 'FORTALECIMIENTO DEL SISTEMA NACIONAL DE PROTECCION DE LA NIÑEZ Y DE LA ADOLECENCIA', '', NULL, NULL, NULL),
(550, NULL, NULL, 0, 7, '', 'EMBAJADA DE CANADA ', '', NULL, NULL, NULL),
(551, NULL, NULL, 0, 0, '0614-310712-103-7', 'ACTIVE SYSTEMS S.A. DE C.V. ', '219037-0', NULL, NULL, NULL),
(552, NULL, NULL, 0, 0, '', 'INSTITUTO GUATEMALTECO DE TURISMO', '', NULL, NULL, NULL),
(553, NULL, NULL, 0, 0, '', 'SG-SICA/BCIE-ITALIA/PAESCA', '', NULL, NULL, NULL),
(554, NULL, NULL, 0, 0, 'BIM0711148Q0', 'BOEHRINGER INGELHEIM MEXICO S.A. DE C.V. ', '', NULL, NULL, NULL),
(555, NULL, NULL, 0, 0, '', 'ANDREA RIVERA ', '', NULL, NULL, NULL),
(556, NULL, NULL, 0, 0, '', 'OSCAR DIAZ', '', NULL, NULL, NULL),
(557, NULL, NULL, 0, 0, '', 'MERCEDES ZAUN ', '', NULL, NULL, NULL),
(558, NULL, NULL, 0, 0, '', 'NESTOR TOBAR ', '', NULL, NULL, NULL),
(559, NULL, NULL, 0, 0, '', 'MIREYA ARROYAVE ', '', NULL, NULL, NULL),
(560, NULL, NULL, 0, 1, '0614-261159-001-3', 'COLEGIO GARCIA FLAMENCO S.A. DE C.V. ', '6364-9', NULL, NULL, NULL),
(561, NULL, NULL, 0, 0, '', 'SERVICIOS TECNICOS DE INGENIERIA S.A. DE C.V. ', '', NULL, NULL, NULL),
(562, NULL, NULL, 0, 0, '', 'LUIS ROBERTO JARQUIN ', '', NULL, NULL, NULL),
(563, NULL, NULL, 5, 0, '0614-091193-101-8', 'DATUM S.A. DE C.V. ', '76815-4', NULL, NULL, NULL),
(564, NULL, NULL, 0, 0, '', 'SERVICIOS DE PERSONAL S.A. DE C.V. ', '', NULL, NULL, NULL),
(565, NULL, NULL, 0, 0, '', 'ASOCIACION HPH EL SALVADOR ', '', NULL, NULL, NULL),
(566, NULL, NULL, 0, 0, '', 'HEICO ', '', NULL, NULL, NULL),
(567, NULL, NULL, 0, 0, '', 'TRIBU EN EL SALVADOR S.A. DE C.V. ', '', NULL, NULL, NULL),
(568, NULL, NULL, 4, 7, '0614-100986-001-1', 'ANNA´S TRAVEL SERVICE S.A. DE C.V. ', '6872-1', NULL, NULL, NULL),
(569, NULL, NULL, 0, 0, '', 'MONICA SOLIS ', '', NULL, NULL, NULL),
(570, NULL, NULL, 5, 7, '0614-010959-002-0', 'PUBLICIDAD COMERCIAL S.A. DE C.V. ', '44-2', NULL, NULL, NULL),
(571, NULL, NULL, 5, 7, '0614-300983-001-6', 'AEROMANTENIMIENTO S.A. ', '550-9', NULL, NULL, NULL),
(572, NULL, NULL, 0, 0, '', 'ESOURCE CAPITAL, INC', '', NULL, NULL, NULL),
(573, NULL, NULL, 0, 0, '0614-310805-109-1', 'ISTMO MUSIC S.A. DE C.V. ', '167698-8', NULL, NULL, NULL),
(574, NULL, NULL, 0, 0, '0614-251011-103-7', 'LA VENTANA S.A DE C.V. - LA VENTANA CAFÉ ', '212693-6', NULL, NULL, NULL),
(575, NULL, NULL, 0, 0, '0614-170395-107-9 ', 'BANCO PROCREDIT S.A.', '84864-6 ', NULL, NULL, NULL),
(576, NULL, NULL, 0, 0, '', 'VERTICE S.A. DE C.V.', '', NULL, NULL, NULL),
(577, NULL, NULL, 0, 0, '', 'SULMA ZALDAÑA', '', NULL, NULL, NULL),
(578, NULL, NULL, 0, 0, '', 'KATHERINE GUILLEN ', '', NULL, NULL, NULL),
(579, NULL, NULL, 0, 7, '', 'NOE ALBERTO GUILLEN ', '9250-9', NULL, NULL, NULL),
(580, NULL, NULL, 0, 0, '', 'SILVIA PORTILLO ', '', NULL, NULL, NULL),
(581, NULL, NULL, 0, 0, '0614-291091-103-2', 'RIGOBERTO MONGE Y ASOCIADOS S.A. DE C.V. ', '30971-0', NULL, NULL, NULL),
(582, NULL, NULL, 0, 0, '0614-210300-107-3', 'BELLMART S.A. DE C.V. ', '120895-0', NULL, NULL, NULL),
(583, NULL, NULL, 5, 1, '0501-051208-101-4', 'TECHICAL AND TRAINING SERVICES S.A. DE C.V.', '191357-2', NULL, NULL, NULL),
(584, NULL, NULL, 5, 7, '', 'CREATIVE ASSOCIATES INTERNATIONAL INC. ', '', NULL, NULL, NULL),
(585, NULL, NULL, 0, 0, '', 'ARENA ', '', NULL, NULL, NULL),
(586, NULL, NULL, 0, 0, '', 'ANDREC CORPORATION', '', NULL, NULL, NULL),
(587, NULL, NULL, 0, 0, '', 'MASSIEL ORELLANA ', '', NULL, NULL, NULL),
(588, NULL, NULL, 0, 0, '0614-111289-103-4', 'JOR S.A. DE C.V. ', '9445-5', NULL, NULL, NULL),
(589, NULL, NULL, 0, 0, '', 'DOUGLAS HENRIQUEZ ', '', NULL, NULL, NULL),
(590, NULL, NULL, 0, 0, '', 'CLAUDIA MORAN ', '', NULL, NULL, NULL),
(591, NULL, NULL, 0, 0, '', 'MIGUEL ESCOBAR ', '', NULL, NULL, NULL),
(592, NULL, NULL, 5, 7, '0614-060203-104-5', 'BELCORP EL SALVADOR SOCIEDAD ANONIMA DE CAPITAL VARIABLE', '148357-0', NULL, NULL, NULL),
(593, NULL, NULL, 0, 0, '0614-280287-001-6', 'HOSPITAL DE LA MUJER S.A. DE C.V. ', '499-5', NULL, NULL, NULL),
(594, NULL, NULL, 0, 0, '06142304036101-9', 'DERMOESTETICA GROUP S.A. DE C.V. ', '148753-8', NULL, NULL, NULL),
(595, NULL, NULL, 0, 0, '', 'JAIME ALVAREZ Y COMPAÑÍA', '', NULL, NULL, NULL),
(596, NULL, NULL, 0, 0, '', 'PROCI S.A. ', '', NULL, NULL, NULL),
(597, NULL, NULL, 3, 3, '0614-301199-106-5', 'SOFTLAND EL SALVADOR S.A. DE C.V.', '117851-5', NULL, NULL, NULL),
(598, NULL, NULL, 5, 2, '0614-220952-001-2 ', 'EMPRESAS ADOC S.A. DE C.V.', '401-4 ', NULL, NULL, NULL),
(599, NULL, NULL, 0, 0, '', 'RICOH EL SALVADOR S.A. DE C.V. ', '', NULL, NULL, NULL),
(600, NULL, NULL, 0, 0, '', 'FUNDE-FORD-273', '', NULL, NULL, NULL),
(601, NULL, NULL, 0, 7, '', 'EMBAJADA DE PANAMA', '', NULL, NULL, NULL),
(602, NULL, NULL, 0, 0, '', 'SECRETARIA TECNICA DE LA PRESIDENCIA ', '', NULL, NULL, NULL),
(603, NULL, NULL, 0, 0, '', 'ROBERTO MONTERROSO', '', NULL, NULL, NULL),
(604, NULL, NULL, 0, 0, '', 'CARLOS ERNESTO SALAZAR ROSA ', '', NULL, NULL, NULL),
(605, NULL, NULL, 0, 0, '', 'MAYRA ZETINO', '', NULL, NULL, NULL),
(606, NULL, NULL, 0, 0, '0614-140289-101-1', 'MENFAR S.A. DE C.V.', '', NULL, NULL, NULL),
(607, NULL, NULL, 0, 0, '', 'CONSEJO SALVADOREÑO DEL CAFÉ', '', NULL, NULL, NULL),
(608, NULL, NULL, 0, 7, '', 'EMBAJADA DE JAPON ', '', NULL, NULL, NULL),
(609, NULL, NULL, 0, 0, '', 'JANINE JOANNA JEREZ MORENO', '', NULL, NULL, NULL),
(610, NULL, NULL, 0, 0, '', 'INTCOMEX S.A. DE C.V.', '', NULL, NULL, NULL),
(611, NULL, NULL, 0, 0, '', 'DISTRIBUIDORA SALVEX S.A. DE C.V. ', '', NULL, NULL, NULL),
(612, NULL, NULL, 0, 7, '', 'CEDES', '', NULL, NULL, NULL),
(613, NULL, NULL, 0, 0, '', 'CENTRAL DE RODAMIENTO S.A. DE C.V. ', '', NULL, NULL, NULL),
(614, NULL, NULL, 0, 0, '0614-170992-104-0', 'MANUFACTURAS CAVALIER S.A. DE C.V.', '71436-4', NULL, NULL, NULL),
(615, NULL, NULL, 0, 0, '', 'JUAN CARLOS FLORES ZEPEDA', '', NULL, NULL, NULL),
(616, NULL, NULL, 0, 0, '', 'ALEJANDRO RIVAS ', '', NULL, NULL, NULL),
(617, NULL, NULL, 0, 0, '', 'TABERNACULO BIBLICO LA CIMA ', '', NULL, NULL, NULL),
(618, NULL, NULL, 0, 0, '', 'MIVISA', '', NULL, NULL, NULL),
(619, NULL, NULL, 0, 0, '', 'NOE CALDERON ', '', NULL, NULL, NULL),
(620, NULL, NULL, 0, 0, '0614-230212-106-1', 'COLOR GROUP S.A. DE C.V. ', '215936-9', NULL, NULL, NULL),
(621, NULL, NULL, 0, 0, '', 'ADVANCED LOGISTICS GROUP S.A. ', '', NULL, NULL, NULL),
(622, NULL, NULL, 0, 0, '', 'SG-SICA/FES/EJE SEGURIDAD', '', NULL, NULL, NULL),
(623, NULL, NULL, 0, 0, '0614-070711-103-6', 'MAX INTERNATIONAL LIMITADA DE CAPITAL VARIABLE ', '210143-9', NULL, NULL, NULL),
(624, NULL, NULL, 0, 0, '', 'MONICA CASAMIQUELA ', '', NULL, NULL, NULL),
(625, NULL, NULL, 0, 0, '', 'JOSE PORTILLO ', '', NULL, NULL, NULL),
(626, NULL, NULL, 0, 0, '', 'CARMEN LEAL', '', NULL, NULL, NULL),
(627, NULL, NULL, 0, 0, '', 'MAYDA CAMPOS ', '', NULL, NULL, NULL),
(628, NULL, NULL, 0, 0, '', 'INDUSTRIAS ST JACKS S.A. DE C.V.', '', NULL, NULL, NULL),
(629, NULL, NULL, 0, 0, '0614-020301-102-2', 'CLIO COSMETICS S.A. DE C.V. ', '130369-7', NULL, NULL, NULL),
(630, NULL, NULL, 0, 0, '0614-080800-104-5', 'HEALTHCO PRODUCTS S.A. DE C.V. ', '125197-0', NULL, NULL, NULL),
(631, NULL, NULL, 0, 7, '0614-240108-104-7', 'HAND 2 HAND S.A. DE C.V. ', '185019-5', NULL, NULL, NULL),
(632, NULL, NULL, 0, 0, '', 'CESAM INVERSIONES S.A. DE C.V. ', '', NULL, NULL, NULL),
(633, NULL, NULL, 0, 0, '0614-130502-102-9', 'FACES, SOCIEDAD ANONIMA DE CAPITAL VARIABLE ', '141434-1', NULL, NULL, NULL),
(634, NULL, NULL, 0, 0, '', 'OPERADORA DEL SUR S.A. DE C.V. ', '', NULL, NULL, NULL),
(635, NULL, NULL, 0, 0, '', 'FRANKLIN ANTONIO ALVAREZ AGUILAR ', '', NULL, NULL, NULL),
(636, NULL, NULL, 0, 0, '', 'DAVID TEOS ', '', NULL, NULL, NULL),
(637, NULL, NULL, 0, 0, '', 'NATALIA GUTIERREZ', '', NULL, NULL, NULL),
(638, NULL, NULL, 0, 0, '0614-090813-103-5', 'AIRE FRIO EL SALVADOR SOCIEDAD ANONIMA DE CAPITAL VARIABLE ', '227009-0', NULL, NULL, NULL),
(639, NULL, NULL, 0, 0, '', 'MERCEDES AYALA VDA DE PORTILLO ', '', NULL, NULL, NULL),
(640, NULL, NULL, 0, 0, '', 'COPRODISA S.A. DE C.V. ', '', NULL, NULL, NULL),
(641, NULL, NULL, 0, 0, '', 'BEAUTY & BEAUTY S.A. DE C.V. ', '', NULL, NULL, NULL),
(642, NULL, NULL, 0, 0, '0614-200407-106-0', 'INMARK S.A. DE C.V. ', '179643-5', NULL, NULL, NULL),
(643, NULL, NULL, 0, 0, '', 'COMPAÑIA EXPORTADORA SALVADOREÑA S.A. DE C.V. ', '', NULL, NULL, NULL),
(644, NULL, NULL, 0, 0, '0614-240113-101-0', 'DISTRIBUIDORA APS (EL SALVADOR) S.A. DE C.V. ', '222349-1', NULL, NULL, NULL),
(645, NULL, NULL, 0, 0, '', 'SISTEMA DE BELLEZA S.A. DE C.V. ', '', NULL, NULL, NULL),
(646, NULL, NULL, 0, 0, '0511-040295-101-8', 'BANCO PROMERICA ', '83086-0', NULL, NULL, NULL),
(647, NULL, NULL, 0, 0, '', 'CHINA BIRD CENTRO AMERICA ', '', NULL, NULL, NULL),
(648, NULL, NULL, 0, 0, '0614-260511-107-7', 'BTL 360 SOCIEDAD ANONIMA DE CAPITAL VARIABLE ', '210789-4', NULL, NULL, NULL),
(649, NULL, NULL, 0, 0, '0614-080307-104-5', 'MOLAC S.A. DE C.V. ', '178125-2', NULL, NULL, NULL),
(650, NULL, NULL, 5, 7, '0614-070508-102-4', 'COFIÑO STAHL S.A. DE C.V.', '187034-4', NULL, NULL, NULL),
(651, NULL, NULL, 0, 0, '', 'FAUSTO MOISES CODOI MONTOYA ', '', NULL, NULL, NULL),
(652, NULL, NULL, 0, 0, '0614-151275-001-5', 'COMERCIAL AGUIRREURRETA S.A. DE C.V. ', '277-1', NULL, NULL, NULL),
(653, NULL, NULL, 0, 0, '9483-160407-101-9', 'HAMBURG SUD EL SALVADOR S.A. DE C.V. ', '178778-2', NULL, NULL, NULL),
(654, NULL, NULL, 0, 0, '', 'TIENDAS Y FRANQUICIAS S.A. DE C.V. ', '', NULL, NULL, NULL),
(655, NULL, NULL, 0, 7, '0614-270802-103-3', 'COMUNICACIÓN CORPORATIVA DE CENTROAMERICA S.A. DE C.V. ', '144477-5', NULL, NULL, NULL),
(656, NULL, NULL, 0, 7, '', 'DON RICARDO SIMAN ', '', NULL, NULL, NULL),
(657, NULL, NULL, 0, 0, '', 'TECHNICAL AND TRAINING SERVICES S.A. DE C.V. ', '', NULL, NULL, NULL),
(658, NULL, NULL, 0, 0, '', 'MINISTERIO DE HACIENDA / PFGL. BIRF 7916-SV', '', NULL, NULL, NULL),
(659, NULL, NULL, 0, 0, '', 'CHEMONICS INTERNATIONAL INC', '', NULL, NULL, NULL),
(660, NULL, NULL, 0, 0, '', 'CATHERINE RIVERA ', '', NULL, NULL, NULL),
(661, NULL, NULL, 0, 0, '', 'JAVIER HERNANDEZ ', '', NULL, NULL, NULL),
(662, NULL, NULL, 0, 0, '', 'JULIO MEJIA ', '', NULL, NULL, NULL),
(663, NULL, NULL, 0, 0, '0614-110790-102-1', 'INVERLENS S.A. DE C.V. ', '985-7', NULL, NULL, NULL),
(664, NULL, NULL, 5, 7, '0614-080672-001-5', 'BANCO CITIBANK DE EL SALVADOR S.A. ', '146-5', NULL, NULL, NULL),
(665, NULL, NULL, 0, 0, '0614-111111-102-7', 'CREA EVENTOS S.A. DE C.V', '', NULL, NULL, NULL),
(666, NULL, NULL, 1, 7, '0614-040398-102-6', 'AFP CRECER S.A. ', '212860-4', NULL, NULL, NULL),
(667, NULL, NULL, 0, 0, '', 'SG-SICA/FES/EJE F.I/COMMCA', '', NULL, NULL, NULL),
(668, NULL, NULL, 0, 0, '', 'SANDRA BORGONOVO ', '', NULL, NULL, NULL),
(669, NULL, NULL, 0, 0, '', 'ILIANA BENITEZ', '', NULL, NULL, NULL),
(670, NULL, NULL, 0, 0, '', 'ACCIONES INTEGRADAS S.A. DE C.V.', '', NULL, NULL, NULL),
(671, NULL, NULL, 0, 0, '0614-270104-105-5', 'COLUMBUS NETWORKS EL SALVADOR SOCIEDAD ANONIMA DE CAPITAL VARIABLE', '155769-5', NULL, NULL, NULL),
(672, NULL, NULL, 0, 0, '', 'RAUL VELASQUEZ ', '', NULL, NULL, NULL),
(673, NULL, NULL, 0, 0, '', 'CLAUDIA MENDOZA', '', NULL, NULL, NULL),
(674, NULL, NULL, 0, 0, '', 'RAUL FIGUEROA ', '', NULL, NULL, NULL),
(675, NULL, NULL, 0, 0, '', 'CITIPHONE ', '', NULL, NULL, NULL),
(676, NULL, NULL, 0, 0, '', 'CAROLINA MATHIES ', '', NULL, NULL, NULL),
(677, NULL, NULL, 0, 0, '', 'AVIANCA', '', NULL, NULL, NULL),
(678, NULL, NULL, 0, 0, '', 'ALTERNA', '', NULL, NULL, NULL),
(679, NULL, NULL, 0, 0, '', 'VILMA FAGOAGA', '', NULL, NULL, NULL),
(680, NULL, NULL, 0, 0, '', 'CCIES/PDP-ATN/ME-12116-ES', '', NULL, NULL, NULL),
(681, NULL, NULL, 0, 0, '', 'SISCA/TAIWAN-CIS', '', NULL, NULL, NULL),
(682, NULL, NULL, 0, 0, '0614-160192-104-3', 'JOMI S.A. DE C.V. ', '59556-0', NULL, NULL, NULL),
(683, NULL, NULL, 0, 0, '', 'COMUNICACIONES CORPORATIVA DE CENTROAMERICA S.A. DE C.V. ', '', NULL, NULL, NULL),
(684, NULL, NULL, 0, 1, '0614-110712-112-3', 'EQUIS S SOCIEDAD ANONIMA DE CAPITAL VARIABLE ', '220921-6', NULL, NULL, NULL),
(685, NULL, NULL, 0, 0, '', 'ACCIONES INTEGRADAS S.A. DE C.V. ', '', NULL, NULL, NULL),
(686, NULL, NULL, 0, 0, '0614-150502-101-5', 'SOCIEDAD DE AHORRO Y CREDITO APOYO INTEGRAL S.A. ', '141398-9', NULL, NULL, NULL),
(687, NULL, NULL, 0, 7, '0614-190393-102-1', 'TODOTICKET S.A. DE C.V.', '72676-1', NULL, NULL, NULL),
(688, NULL, NULL, 0, 0, '0614-290135-001-1', 'BANCO HIPOTECARIO DE EL SALVADOR S.A. ', '1674-8', NULL, NULL, NULL),
(689, NULL, NULL, 0, 0, '', 'ANNAS TRAVEL SERVICES S.A. DE C.V. ', '', NULL, NULL, NULL),
(690, NULL, NULL, 0, 0, '', 'MARIELLA BEATRIZ GARCIA VALENZUELA', '', NULL, NULL, NULL),
(691, NULL, NULL, 0, 0, '', 'ANA BADIA ', '', NULL, NULL, NULL),
(692, NULL, NULL, 0, 0, '', 'CARLOS IBAÑEZ ', '', NULL, NULL, NULL),
(693, NULL, NULL, 0, 0, '', 'MAURICIO ROSALES ', '', NULL, NULL, NULL),
(694, NULL, NULL, 0, 0, '', 'BALMORE PALACIO ', '', NULL, NULL, NULL),
(695, NULL, NULL, 0, 0, '', 'CECILIA NEUMAN ', '', NULL, NULL, NULL),
(696, NULL, NULL, 0, 0, '', 'FANSHAWE COLLEGE ', '', NULL, NULL, NULL),
(697, NULL, NULL, 0, 0, '', 'MARIA CISTINA FIGUEROA URSI', '', NULL, NULL, NULL),
(698, NULL, NULL, 0, 0, '0614-030611-106-8', 'ECTROPA S.A. DE C.V. ', '209745-1', NULL, NULL, NULL),
(699, NULL, NULL, 0, 7, '0614-290573-001-0', 'DURALITA DE CENTROAMERICA S.A. DE C.V. ', '529-0', NULL, NULL, NULL),
(700, NULL, NULL, 0, 7, '0614-200999-102-7', 'ESTUDIOS INTERNACIONALES S.A. DE C.V. ', '115853-0', NULL, NULL, NULL),
(701, NULL, NULL, 0, 0, '', 'MARIA DEL CARMEN ARGUETA DE REYES ', '', NULL, NULL, NULL),
(702, NULL, NULL, 0, 0, '', 'DANDYS - RODRIGO RIVERA ', '', NULL, NULL, NULL),
(703, NULL, NULL, 0, 0, '', 'BRENDA PALACIOS ', '', NULL, NULL, NULL),
(704, NULL, NULL, 0, 0, '', 'ROBERTO DUAERTE', '', NULL, NULL, NULL),
(705, NULL, NULL, 0, 0, '', 'CLAUDIA DE FARRAR ', '', NULL, NULL, NULL),
(706, NULL, NULL, 0, 0, '', 'SENORA DE SERRANO ', '', NULL, NULL, NULL),
(707, NULL, NULL, 0, 0, '', 'JANINE DE SACA ', '', NULL, NULL, NULL),
(708, NULL, NULL, 0, 0, '', 'ARTURO CASTILLO', '', NULL, NULL, NULL),
(709, NULL, NULL, 0, 0, '', 'FRANCIS ESCALANTE ', '', NULL, NULL, NULL),
(710, NULL, NULL, 0, 7, '0614-211275-102-6', 'LUIS EDUARDO FLORES PINEDA', '143105-4', NULL, NULL, NULL),
(711, NULL, NULL, 5, 7, '0614-170806-101-2', 'RESEARCH & PLANNING S.A. DE C.V.', '173853-9', NULL, NULL, NULL),
(712, NULL, NULL, 0, 0, '', 'RECEPTOR COMUNICACION INTEGRADA S.A. DE C.V ', '', NULL, NULL, NULL),
(713, NULL, NULL, 0, 0, '', 'SANSEVERINO S.A. DE C.V. ', '', NULL, NULL, NULL),
(714, NULL, NULL, 0, 0, '', 'FUNDACION SAN PABLO ', '', NULL, NULL, NULL),
(715, NULL, NULL, 0, 0, '', 'SECRETARIA TECNICA CFR-SICA', '', NULL, NULL, NULL),
(716, NULL, NULL, 0, 0, '', 'JAVIER FIGUEROA ', '', NULL, NULL, NULL),
(717, NULL, NULL, 0, 0, '', 'DIANA SANCHEZ BONILLA ', '', NULL, NULL, NULL),
(718, NULL, NULL, 0, 0, '', 'CARMEN MARIA PARKER ', '', NULL, NULL, NULL),
(719, NULL, NULL, 0, 0, '', 'KARLA MENDEZ PIMENTEL ', '', NULL, NULL, NULL),
(720, NULL, NULL, 0, 0, '', 'SOLUCIONES PROFESIONALES S.A. DE C.V. ', '', NULL, NULL, NULL),
(721, NULL, NULL, 0, 0, '', 'EVENTOS LAF ', '', NULL, NULL, NULL),
(722, NULL, NULL, 0, 0, '', 'SRES. PADRES DE FAMILIA PROM 2014 COLEGIO SALVADOREÑO INGLES ', '', NULL, NULL, NULL),
(723, NULL, NULL, 0, 0, '', 'ENA RUBIDIA CRESPIN ', '', NULL, NULL, NULL),
(724, NULL, NULL, 0, 0, '', 'IMMERSION PROGRAM UNIVERSITY OF SANFRANCISCO', '', NULL, NULL, NULL),
(725, NULL, NULL, 0, 0, '', 'GABRIELA LACAYO ', '', NULL, NULL, NULL),
(726, NULL, NULL, 0, 0, '', 'JULIO CORNEJO ', '', NULL, NULL, NULL),
(727, NULL, NULL, 0, 0, '', 'MONICA SIBRIAN ', '', NULL, NULL, NULL),
(728, NULL, NULL, 0, 0, '', 'ALEJANDRA DE BONILLA ', '', NULL, NULL, NULL),
(729, NULL, NULL, 0, 0, '', 'ALQUILERES LAYCO ', '', NULL, NULL, NULL),
(730, NULL, NULL, 0, 0, '', 'PATRICIA DE LEON ', '', NULL, NULL, NULL),
(731, NULL, NULL, 0, 0, '', 'ACACYC PNC R.L.', '95058-0', NULL, NULL, NULL),
(732, NULL, NULL, 0, 0, '0614-311007-103-2', 'ADOLFO DOMINGUEZ EL SALVADOR S.A. DE C.V. ', '182963-9', NULL, NULL, NULL),
(733, NULL, NULL, 0, 0, '', 'LATIN AMERICA SPA S.A. DE C.V. ', '', NULL, NULL, NULL),
(734, NULL, NULL, 0, 0, '', 'SERVINOVA S.A. DE C.V. ', '', NULL, NULL, NULL),
(735, NULL, NULL, 0, 0, '0614-270492-103-0', 'HOTELES Y DESARROLLOS S.A. DE C.V. ', '23524-5', NULL, NULL, NULL),
(736, NULL, NULL, 0, 0, '', 'VELADO POWER S.A. DE C.V. ', '', NULL, NULL, NULL),
(737, NULL, NULL, 0, 7, '0702-070369-102-8', 'CARMEN ANDREA MARROQUIN DE GUERRA ', '193863-1', NULL, NULL, NULL),
(738, NULL, NULL, 0, 0, '', 'OFICINAS DE LAS NACIONES UNIDAS CONTRA LA DROGA Y EL DELITO ', '', NULL, NULL, NULL),
(739, NULL, NULL, 0, 0, '', 'INFINITE OUTSOURCING S.A. DE C.V. ', '', NULL, NULL, NULL),
(740, NULL, NULL, 0, 0, '', 'SAMSEW S.A. DE C.V.', '', NULL, NULL, NULL),
(741, NULL, NULL, 0, 7, '', 'CONDOMINIO TORRE MAQUILISHUAT ', '', NULL, NULL, NULL),
(742, NULL, NULL, 0, 0, '', 'CORPORACION HOTELERA INTERNACIONAL S.A.', '', NULL, NULL, NULL),
(743, NULL, NULL, 0, 0, '', 'CONSEJO EMPRESARIAL SALVADOREÑO PARA EL DESARROLLO SOSTENIBLE ', '', NULL, NULL, NULL),
(744, NULL, NULL, 0, 0, '', 'FUNDACION REDENTOR ', '', NULL, NULL, NULL),
(745, NULL, NULL, 0, 0, '0614-160910-109-6', 'GRUPO VISION DE EL SALVADOR S.A. DE C.V. ', '204949-0', NULL, NULL, NULL),
(746, NULL, NULL, 0, 0, '', 'CASTELLI RIVAS S.A. DE C.V. ', '', NULL, NULL, NULL),
(747, NULL, NULL, 0, 0, '', 'METROCENTRO S.A. DE C.V. ', '', NULL, NULL, NULL),
(748, NULL, NULL, 0, 0, '', 'PINTUCO EL SALVADOR S.A. DE C.V. ', '', NULL, NULL, NULL),
(749, NULL, NULL, 0, 0, '', 'RAYOVAC EL SALVADOR S.A. DE C.V. ', '', NULL, NULL, NULL),
(750, NULL, NULL, 0, 0, '0614-120609-103-1', 'INTERLEX S.A. DE C.V. ', '194922-8', NULL, NULL, NULL),
(751, NULL, NULL, 0, 0, '0614-211009-107-0', 'AUDIT & BUSINESS ADMINISTRATIONS S.A. DE C.V. ', '197342-9', NULL, NULL, NULL),
(752, NULL, NULL, 0, 0, '0614-181298-101-8', 'DIGICEL S.A. DE C.V. ', '116795-3', NULL, NULL, NULL),
(753, NULL, NULL, 0, 0, '0614-030209-104-6', 'MARKETING SUPPORT S.A. DE C.V. ', '192301-0', NULL, NULL, NULL),
(754, NULL, NULL, 0, 0, '0614-120586-002-4', 'LA HOLA S.A. DE C.V. ', '7094-7', NULL, NULL, NULL),
(755, NULL, NULL, 0, 0, '0614-171190-001-3', 'CIA DE ALUMBRADO ELECTRICO DE SAN SALVADOR  S.A. DE C.V. ', '321-2', NULL, NULL, NULL),
(756, NULL, NULL, 0, 0, '', 'HP EL SALVADOR ', '', NULL, NULL, NULL),
(757, NULL, NULL, 0, 0, '', 'COMUNICACION CORPORATIVA DE CENTROAMERICA S.A. DE C.V. ', '', NULL, NULL, NULL),
(758, NULL, NULL, 0, 0, '', 'Q.V. DISEÑO S.A. DE C.V. ', '', NULL, NULL, NULL),
(759, NULL, NULL, 0, 0, '', 'FABIO MEJA ', '', NULL, NULL, NULL),
(760, NULL, NULL, 0, 0, '', 'KARINA PALMA', '', NULL, NULL, NULL),
(761, NULL, NULL, 0, 0, '', 'MARIO SALINAS ', '', NULL, NULL, NULL),
(762, NULL, NULL, 0, 0, '0614-270114-105-0', 'GRUPO EMPRESARIAL INNOVA S.A. DE C.V. ', '230828-5', NULL, NULL, NULL),
(763, NULL, NULL, 0, 0, '', 'ANA LISSETTE REYES DE PORTILLO', '', NULL, NULL, NULL),
(764, NULL, NULL, 0, 0, '0614-210610-102-8', 'CONSORCIO TRES S.A. DE C.V. ', '202505-9', NULL, NULL, NULL),
(765, NULL, NULL, 0, 0, '0614-270502-101-6', 'CLEAR WATER SYSTEMS S.A. DE C.V. ', '141775-6', NULL, NULL, NULL),
(766, NULL, NULL, 0, 0, '0614-031011-102-1', 'B2B SOLUTIONS S.A. DE C.V. ', '212376-2', NULL, NULL, NULL),
(767, NULL, NULL, 0, 0, '', 'CORPORACION MERCANTIL SALVADOREÑA S.A. DE C.V. ', '', NULL, NULL, NULL),
(768, NULL, NULL, 0, 7, '0614-010182-001-1', 'COPORACION SALVADOREÑA DE INVERSIONES (CORSAIN)', '4463-6', NULL, NULL, NULL),
(769, NULL, NULL, 0, 7, '', 'EMBAJADA DE COREA ', '', NULL, NULL, NULL),
(770, NULL, NULL, 0, 0, '', 'FONDO NAVAL ', '', NULL, NULL, NULL),
(771, NULL, NULL, 0, 0, '', 'MINISTERIO DE LA DEFENSA NACIONAL ', '', NULL, NULL, NULL),
(772, NULL, NULL, 0, 0, '', 'ACICAFOC/PROYECTO AGROENERGIA EL SALVADOR ', '', NULL, NULL, NULL),
(773, NULL, NULL, 0, 0, '0614-131078-002-1', 'INVERSIONES OMNI S.A. DE C.V. ', '5709-6', NULL, NULL, NULL),
(774, NULL, NULL, 5, 7, '0614-090913-104-7', '7OLUCIONES S.A. DE C.V. ', '228382-6', NULL, NULL, NULL),
(775, NULL, NULL, 0, 0, '', 'JAIME ROSSEMBER RIVAS DURAN ', '', NULL, NULL, NULL),
(776, NULL, NULL, 0, 0, '0614-141209-105-6', 'EV MARKETING S.A. DE C.V. ', '199190-0', NULL, NULL, NULL),
(777, NULL, NULL, 0, 0, '0614-190509-105-5', 'MEDIOS ALTERNATIVOS DE COMUNICACION CENTROAMERICANOS S.A. DE C.V. ', '194671-5', NULL, NULL, NULL),
(778, NULL, NULL, 0, 0, '0614-130613-103-0', 'E SOURCE DE EL SALVADOR S.A. DE C.V. ', '225718-9', NULL, NULL, NULL),
(779, NULL, NULL, 0, 0, '', 'FEDERACION SALVADOREÑA DE BADMINTON ', '', NULL, NULL, NULL),
(780, NULL, NULL, 0, 0, '', 'PRODISEÑO EVENTS XXI S.A.', '', NULL, NULL, NULL),
(781, NULL, NULL, 0, 0, '', 'SOL DEPOT S.A. DE C.V.', '', NULL, NULL, NULL),
(782, NULL, NULL, 0, 0, '0614-240213-101-3', 'IKONO COMUNICACIONES S.A. DE C.V. ', '224748-5', NULL, NULL, NULL),
(783, NULL, NULL, 0, 0, '', 'PHARMARKETING SALVADOR S.A. DE C.V. ', '', NULL, NULL, NULL),
(784, NULL, NULL, 0, 7, '0614-271293-103-6', 'ACADEMIA EUROPEA S.A. DE C.V. ', '77726-9', NULL, NULL, NULL),
(785, NULL, NULL, 0, 0, '', 'ELEONORA QUEZADA', '', NULL, NULL, NULL),
(786, NULL, NULL, 0, 0, '0614-080494-405-1', 'COLEGIO MAYA ', '', NULL, NULL, NULL),
(787, NULL, NULL, 0, 0, '', 'NEXYS', '', NULL, NULL, NULL),
(788, NULL, NULL, 0, 0, '', 'ERNESTO GARZA M.', '', NULL, NULL, NULL),
(789, NULL, NULL, 0, 0, '', 'VERONICA AVILA', '', NULL, NULL, NULL),
(790, NULL, NULL, 0, 0, '', 'CLAUDIA PLATERO ', '', NULL, NULL, NULL),
(791, NULL, NULL, 0, 0, '', 'MARTHA DE ESCAMILLA ', '', NULL, NULL, NULL),
(792, NULL, NULL, 0, 0, '', 'PALO ALTO NETWORKS ', '', NULL, NULL, NULL),
(793, NULL, NULL, 0, 0, '', 'LAIR KON ', '', NULL, NULL, NULL),
(794, NULL, NULL, 5, 0, '0614-070995-104-0', 'COMUNICACION CREATIVA S.A. DE C.V. ', '88004-3', NULL, NULL, NULL),
(795, NULL, NULL, 0, 0, '', 'SYSTEMS OUT OF THE BOX S.A. DE C.V. ', '', NULL, NULL, NULL),
(796, NULL, NULL, 0, 0, '', 'JOSE ADAN HERNANDEZ VALDEZ', '', NULL, NULL, NULL),
(797, NULL, NULL, 0, 0, '0501-070593-101-5', 'DAIRY INTERNATIONAL DE EL SALVADOR S.A. DE C.V.', '74574-0', NULL, NULL, NULL),
(798, NULL, NULL, 0, 0, '', 'CRISTINA DONNELY ', '', NULL, NULL, NULL),
(799, NULL, NULL, 0, 0, '0702-180979-104-4', 'LAURA MARCELA MARTINEZ DE VALDEZ ', '203215-9', NULL, NULL, NULL),
(800, NULL, NULL, 0, 0, '', 'MERKATI GROUP S.A. DE C.V. ', '', NULL, NULL, NULL),
(801, NULL, NULL, 0, 0, '', 'SEGACORP S.A. DE C.V.', '', NULL, NULL, NULL),
(802, NULL, NULL, 0, 0, '', 'DISTRIBUIDORA ZABLAH S.A. DE C.V. ', '', NULL, NULL, NULL),
(803, NULL, NULL, 0, 0, '', 'SISTEMAS EFICIENTES S.A. DE C.V. ', '', NULL, NULL, NULL),
(804, NULL, NULL, 0, 0, '', 'LATINALLIANCE EL SALVADOR S.A. DE C.V. ', '', NULL, NULL, NULL),
(805, NULL, NULL, 0, 0, '', 'INTERCOMUNICACIONES S.A. DE C.V ', '', NULL, NULL, NULL),
(806, NULL, NULL, 0, 0, '', 'GBM DE EL SALVADOR S.A. DE C.V. ', '', NULL, NULL, NULL),
(807, NULL, NULL, 0, 0, '0614-130601-103-5', 'ACCE S.A DE C.V. ', '131885-5', NULL, NULL, NULL),
(808, NULL, NULL, 0, 0, '0614-031006-106-7', 'EB ELECTROSUMINISTROS S.A. DE C.V. ', '175362-1', NULL, NULL, NULL),
(809, NULL, NULL, 0, 0, '0614-260606-109-0', 'TURIN FUTBOL CLUB ', '218572-5', NULL, NULL, NULL),
(810, NULL, NULL, 0, 0, '', 'CENTRO INTERNACIONAL DE FERIAS Y CONVENCIONES DE EL SALVADOR ', '', NULL, NULL, NULL),
(811, NULL, NULL, 0, 0, '0614-280394-101-8', 'BUFETE DR. F.A. ARIAS S.A. DE C.V.', '78243-2', NULL, NULL, NULL),
(812, NULL, NULL, 0, 0, '', 'RICARDO SOL MEZA', '', NULL, NULL, NULL),
(813, NULL, NULL, 0, 0, '', 'COMERCIALIZADORA NORIEGA MENDOZA IMPORTS S. DE R.L. DE M.T.', '', NULL, NULL, NULL),
(814, NULL, NULL, 0, 0, '', 'ANA GOMEZ', '', NULL, NULL, NULL),
(815, NULL, NULL, 0, 0, '', 'ELSY GUZMAN ', '', NULL, NULL, NULL),
(816, NULL, NULL, 0, 0, '', 'ANA MARIA RODRIGUEZ ', '', NULL, NULL, NULL),
(817, NULL, NULL, 0, 0, '', 'DAVID FRANCISCO GUARDADO RIVERA ', '', NULL, NULL, NULL),
(818, NULL, NULL, 0, 0, '', 'PATRICIA SANTOS DE LOPEZ', '', NULL, NULL, NULL),
(819, NULL, NULL, 0, 0, '0614-160209-104-4', 'MONO S.A. DE C.V. ', '192726-9', NULL, NULL, NULL),
(820, NULL, NULL, 0, 4, '0614-230695-106-9', 'MORENO MENENDEZ S.A. DE C.V.', '96282-1', NULL, NULL, NULL),
(821, NULL, NULL, 0, 0, '', 'SERVICIOS AGRICOLA SALVADOREÑO S.A. DE C.V. ', '', NULL, NULL, NULL),
(822, NULL, NULL, 0, 0, '', 'PNUD', '', NULL, NULL, NULL),
(823, NULL, NULL, 0, 0, '', 'ALEXANDER ERNESTO SEGOVIA CACERES', '', NULL, NULL, NULL),
(824, NULL, NULL, 0, 0, '', 'MARTA TUSELL', '', NULL, NULL, NULL),
(825, NULL, NULL, 0, 0, '', 'SG SICA/COOPERACION DELEGADA/APOYO ESCA ', '', NULL, NULL, NULL),
(826, NULL, NULL, 0, 0, '', 'LATIN FARMA S.A. ', '', NULL, NULL, NULL),
(827, NULL, NULL, 0, 0, '', 'RECURSO CORPORATIVO S.A. ', '', NULL, NULL, NULL),
(828, NULL, NULL, 0, 0, '', 'SISCA/TAIWAN-CODICADER', '', NULL, NULL, NULL),
(829, NULL, NULL, 0, 0, '', 'FUNDACION AYUDA EN ACCION ', '', NULL, NULL, NULL),
(830, NULL, NULL, 0, 7, '0614-270976-001-2', 'OMNISPORT S.A. DE C.V.', '486-3', NULL, NULL, NULL),
(831, NULL, NULL, 0, 0, '0614-140407-104-6', 'LOPEZ ESCALANTE S.A DE C.V. ', '179131-0', NULL, NULL, NULL),
(832, NULL, NULL, 0, 0, '', 'STARLIGHT S.A. DE C.V. ', '', NULL, NULL, NULL),
(833, NULL, NULL, 5, 7, '0614-111102-102-8', 'ESTRATEGICA S.A. DE C.V. ', '146675-0', NULL, NULL, NULL),
(834, NULL, NULL, 0, 0, '0614-040612-101-0', 'ALIMEURO S.A. DE C.V. ', '217621-0', NULL, NULL, NULL),
(835, NULL, NULL, 0, 0, '', 'INDUMUEBLES S.A. ', '', NULL, NULL, NULL),
(836, NULL, NULL, 5, 7, '0614-120587-003-0', 'SERVICIOS INTEGRALES CITI S.A. DE C.V. ', '48471-7', NULL, NULL, NULL),
(837, NULL, NULL, 0, 0, '', 'PRODUCCIONES EMANUEL S.A. DE C.V. ', '', NULL, NULL, NULL),
(838, NULL, NULL, 0, 0, '', 'ALVARO VALIENTE ', '', NULL, NULL, NULL),
(839, NULL, NULL, 0, 0, '', 'CONDOMINIO LA REFORMA ', '', NULL, NULL, NULL),
(840, NULL, NULL, 0, 0, '', 'FUPEC', '', NULL, NULL, NULL),
(841, NULL, NULL, 0, 0, '', 'SG SICA/FES/F.III SG SICA', '', NULL, NULL, NULL),
(842, NULL, NULL, 0, 0, '0614-200798-105-9', 'INSTITUTO SALVADOREÑO DE CONTADORES PUBLICOS ', '109551-0', NULL, NULL, NULL),
(843, NULL, NULL, 0, 0, '', 'SOLUCIONES CONSULTING S.A. DE C.V.', '', NULL, NULL, NULL),
(844, NULL, NULL, 0, 0, '', 'TOCHEZ FERNANDEZ LIMITADA', '', NULL, NULL, NULL),
(845, NULL, NULL, 0, 0, '0614-100604-101-3', 'COMPAÑIA EDITORA DE REVISTA DE CENTROAMERICA S.A. DE C.V. ', '157001-7', NULL, NULL, NULL),
(846, NULL, NULL, 0, 0, '0614-220989-106-0', 'FUNDACION PARA EL DESARROLLO DE LA MUJER SALVADOREÑA ', '10024-2', NULL, NULL, NULL),
(847, NULL, NULL, 0, 0, '', 'FUERZA NAVAL ', '', NULL, NULL, NULL),
(848, NULL, NULL, 0, 0, '', 'RENE ESCALANTE ', '', NULL, NULL, NULL),
(849, NULL, NULL, 0, 0, '', 'MAUXI ZABLAH', '', NULL, NULL, NULL),
(850, NULL, NULL, 0, 0, '', 'ODM EL SALVADOR S.A. DE C.V.', '', NULL, NULL, NULL),
(851, NULL, NULL, 0, 0, '0614-111176-109-9', 'CAMPOS LUIS ERNESTO ', '232199-9', NULL, NULL, NULL),
(852, NULL, NULL, 0, 7, '0614-010213-103-5', 'TREND SPORT S.A. DE C.V.', '222859-0', NULL, NULL, NULL),
(853, NULL, NULL, 0, 0, '', 'MENDEZ ESCAPINI HECTOR ALFREDO ', '', NULL, NULL, NULL),
(854, NULL, NULL, 0, 0, '', 'MM PUBLICIDAD S.A. DE C.V.', '', NULL, NULL, NULL),
(855, NULL, NULL, 0, 0, '', 'ENRIQUE JOSE LOPEZ RIVAS ', '', NULL, NULL, NULL),
(856, NULL, NULL, 0, 7, '', 'EMBAJADA BRITANICA', '', NULL, NULL, NULL),
(857, NULL, NULL, 0, 0, 'EMX090828FH2', 'EVENTOS MINUTO X MINUTO S.A. DE C.V. ', '6170', NULL, NULL, NULL),
(858, NULL, NULL, 0, 0, '', 'ROLANDO PLEITEZ', '', NULL, NULL, NULL),
(859, NULL, NULL, 0, 0, '', 'CLUB DE RADIO AFICIONADOS ', '', NULL, NULL, NULL),
(860, NULL, NULL, 0, 0, '', 'WILL COREAS', '', NULL, NULL, NULL),
(861, NULL, NULL, 0, 0, '', 'SECRETARIA INFANTO JUVENIL MEC ', '', NULL, NULL, NULL),
(862, NULL, NULL, 0, 0, '', 'CARLOS ANCALMO ', '', NULL, NULL, NULL),
(863, NULL, NULL, 0, 0, '', 'ELENA VILLATORO ', '', NULL, NULL, NULL),
(864, NULL, NULL, 0, 0, '', 'ADRIANA CHACON ', '', NULL, NULL, NULL),
(865, NULL, NULL, 0, 0, '', 'CARMEN ELENA BARBIER ', '', NULL, NULL, NULL),
(866, NULL, NULL, 0, 0, '', 'JOSUE LAZO ', '', NULL, NULL, NULL),
(867, NULL, NULL, 0, 0, '9660-290509-101-3', 'EMBAJADA DEL ESTADO DE QATAR ', '', NULL, NULL, NULL),
(868, NULL, NULL, 5, 2, '0614-240806-101-7', 'IBEROMODA S.A. DE C.V.', '174520-8', NULL, NULL, NULL),
(869, NULL, NULL, 0, 0, '0614-131010-102-2', 'PROMODA S.A. DE C.V.', '205824-1', NULL, NULL, NULL),
(870, NULL, NULL, 1, 0, '0614-250495-104-0', 'INSORPA S.A. DE C.V.', '87845-6', NULL, NULL, NULL),
(871, NULL, NULL, 1, 0, '0614-170195-101-2', 'HOTELES E INVERSIONES S.A. DE C.V.', '82815-7', NULL, NULL, NULL),
(872, NULL, NULL, 1, 0, '', 'NADI SAMALI SORTO DINARTE ', '', NULL, NULL, NULL),
(873, NULL, NULL, 1, 0, '', 'RODRIGO ALEJANDRO CLAROS RAMOS ', '', NULL, NULL, NULL),
(874, NULL, NULL, 1, 0, '0614-080606-108-3', 'GRUPO EME S.A. DE C.V. ', '173850-4', NULL, NULL, NULL),
(875, NULL, NULL, 0, 1, '0614-280606-104-3', 'CALIDAD INMOBILIARIA S.A. DE C.V. ', '173404-1', NULL, NULL, NULL),
(876, NULL, NULL, 0, 0, '0614-121110-103-7', 'EL MONSTRUO SOCIEDAD ANONIMA DE CAPITAL VARIABLE ', '207199-8', NULL, NULL, NULL),
(877, NULL, NULL, 0, 0, '', 'LO MEJOR S.A. DE C.V.', '', NULL, NULL, NULL),
(878, NULL, NULL, 0, 0, '', 'FIRST SHOW COMPANY S.A. DE C.V. ', '', NULL, NULL, NULL),
(879, NULL, NULL, 0, 0, '', 'ORELLANA MINA, ERICK RICARDO ', '', NULL, NULL, NULL),
(880, NULL, NULL, 0, 0, '0614-230293-106-3', 'AGNA S.A. DE C.V.', '74430-1', NULL, NULL, NULL),
(881, NULL, NULL, 0, 0, '0614-040313-104-9', 'CREDIT SERVICES S.A. DE C.V. ', '223875-7', NULL, NULL, NULL),
(882, NULL, NULL, 0, 0, '0614-280113-101-9', 'EVENTOMANIA S.A. DE C.V. ', '222457-4', NULL, NULL, NULL),
(883, NULL, NULL, 5, 1, '0614-060106-109-9', 'EXPO EL SALVADOR S.A. DE C.V.', '172890-0', NULL, NULL, NULL),
(884, NULL, NULL, 0, 0, '0614-110811-102-4', 'ALLIANCE CONSULTING S.A. DE C.V. ', '210819-0', NULL, NULL, NULL),
(885, NULL, NULL, 0, 0, '', 'LUCITANA S.A. DE C.V.', '215274-9', NULL, NULL, NULL),
(886, NULL, NULL, 0, 0, '0210-120792-001-5', 'AES CLESA Y COMPAÑIA S. EN C. DE C.V. ', '2023-0', NULL, NULL, NULL),
(887, NULL, NULL, 0, 0, '0614-161195-103-0', 'EMPRESA ELECTIRCA DE ORIENTE S.A. DE C.V.', '90597-6', NULL, NULL, NULL),
(888, NULL, NULL, 0, 0, '', 'AGGREKO AMERICAS ', '', NULL, NULL, NULL),
(889, NULL, NULL, 0, 0, '', 'ESMERALDA NAVAS', '', NULL, NULL, NULL),
(890, NULL, NULL, 0, 0, '0614-080311-105-5', 'SERVICIOS TERCERIZADOS S.A. DE C.V. ', '208315-3', NULL, NULL, NULL),
(891, NULL, NULL, 0, 0, '', 'SOFTLAND EL SALVADOR S.A. DE C.V. ', '', NULL, NULL, NULL),
(892, NULL, NULL, 0, 0, '', 'LINARES JOSE LUIS ', '', NULL, NULL, NULL),
(893, NULL, NULL, 0, 0, '', 'JUAN MARCOS DUMONT', '', NULL, NULL, NULL),
(894, NULL, NULL, 0, 0, '', 'CAESS S.A. DE C.V.', '', NULL, NULL, NULL),
(895, NULL, NULL, 0, 0, '', 'JOSE ROBERTO BONILLA', '', NULL, NULL, NULL),
(896, NULL, NULL, 0, 0, '', 'LEMPA SERVICES LIMITADA  DE C.V. ', '', NULL, NULL, NULL),
(897, NULL, NULL, 0, 0, '', 'GABRIELA TRIGUEROS ', '', NULL, NULL, NULL),
(898, NULL, NULL, 0, 0, '', 'LORENA ARISTINDO', '', NULL, NULL, NULL),
(899, NULL, NULL, 0, 0, '', 'ALUMNOS - MATERIA PORTAFOLIO 1/2015', '', NULL, NULL, NULL),
(900, NULL, NULL, 0, 0, '0614-270704-101-4', 'FARMACEUTICOS EQUIVALENTES S.A. DE C.V.', '157946-4', NULL, NULL, NULL),
(901, NULL, NULL, 5, 0, '0614-010554-001-0', 'CLUB SALVADOREÑO', '3905-5', NULL, NULL, NULL),
(902, NULL, NULL, 0, 0, '0614-290360-001-8', 'METROCENTRO S.A. DE C.V. ', '522-3', NULL, NULL, NULL),
(903, NULL, NULL, 0, 0, '', 'LESLIE VILLAGRAN ARAUZ ', '', NULL, NULL, NULL),
(904, NULL, NULL, 0, 0, '', 'ADRIANA GASTEAZORO', '', NULL, NULL, NULL),
(905, NULL, NULL, 0, 0, '', 'RAQUEL ROSHARDT', '', NULL, NULL, NULL),
(906, NULL, NULL, 0, 0, '0614-050510-110-1', 'ROSALES LOERA S.A. DE C.V.', '202828-1', NULL, NULL, NULL),
(907, NULL, NULL, 0, 0, '0614-071206-104-7', 'ESCUELA INTERNACIONAL DE NEGOCIOS S.A. DE C.V. ', '178093-0', NULL, NULL, NULL),
(908, NULL, NULL, 0, 0, '', 'ACACYPAC NC DE R.L.', '', NULL, NULL, NULL),
(909, NULL, NULL, 0, 0, '', 'ARENA AHUACHAPAN', '', NULL, NULL, NULL),
(910, NULL, NULL, 0, 2, '0614-040106-105-1', 'JOVENMODA S.A. DE C.V. ', '169923-5', NULL, NULL, NULL),
(911, NULL, NULL, 0, 0, '', 'IGLEASIA EPISCOPAL DE EL SALVADOR ', '', NULL, NULL, NULL),
(912, NULL, NULL, 0, 0, '', 'CLASE 2015-ESCUELA AMERICANA ', '', NULL, NULL, NULL),
(913, NULL, NULL, 0, 0, '', 'PARTY OPTIONS', '', NULL, NULL, NULL),
(914, NULL, NULL, 0, 0, '0614-281070-004-9', 'C.O.M.E.D.I.C.A., DE R.L.', '41256-2', NULL, NULL, NULL),
(915, NULL, NULL, 0, 0, '0614-061171-001-0', 'INGENIO EL ANGEL S.A. DE C.V.', '112-0', NULL, NULL, NULL),
(916, NULL, NULL, 0, 0, '', 'UNIGAS DE EL SALVADOR S.A. DE C.V.', '', NULL, NULL, NULL),
(917, NULL, NULL, 0, 0, '0614-060489-106-8', 'ESPUMAR ARTIFICALES S.A. DE C.V. ', '1639-0', NULL, NULL, NULL),
(918, NULL, NULL, 0, 0, '', 'FOOD TRENDS S.A. DE C.V. ', '', NULL, NULL, NULL),
(919, NULL, NULL, 0, 1, '0614-151214-103-4', 'PROYECCIONES LOCALES S.A. DE C.V. ', '237781-9', NULL, NULL, NULL),
(920, NULL, NULL, 0, 0, '0614-111206-104-0', 'A TIEMPO S.A. DE C.V. ', '177013-6', NULL, NULL, NULL),
(921, NULL, NULL, 0, 0, '0614-090197-103-8', 'ACP INTERNACIONAL S.A. DE C.V. ', '98950-9', NULL, NULL, NULL),
(922, NULL, NULL, 0, 0, '', 'ASOCIACION LA ESCALON ', '', NULL, NULL, NULL),
(923, NULL, NULL, 0, 0, '', 'LA PLACE DE PARIS S.A. DE C.V. ', '', NULL, NULL, NULL),
(924, NULL, NULL, 0, 0, '', 'INVERSIONES ROBLE S.A. DE C.V. ', '', NULL, NULL, NULL),
(925, NULL, NULL, 0, 0, '', 'PEÑA ORELLANA, DIEGO MANUEL ALBERTO ', '', NULL, NULL, NULL),
(926, NULL, NULL, 0, 0, '', 'DENTECO EL SALVADOR S.A. DE C.V.', '', NULL, NULL, NULL),
(927, NULL, NULL, 0, 0, '', 'NOVO APART HOTEL S.A. DE C.V.', '', NULL, NULL, NULL),
(928, NULL, NULL, 0, 0, '', 'SOLUCIONES Y SERVICIOS TECNOLOGICOS S.A. DE C.V.', '', NULL, NULL, NULL),
(929, NULL, NULL, 0, 0, '', 'SALAZAR ROMERO S.A. DE C.V.', '', NULL, NULL, NULL),
(930, NULL, NULL, 0, 0, '0614-260214-104-8', 'FASHION LIFE S.A. DE C.V. ', '231666-6', NULL, NULL, NULL),
(931, NULL, NULL, 0, 0, '', 'LA PLACE DE PARIS S.A. DE C.V ', '', NULL, NULL, NULL),
(932, NULL, NULL, 0, 0, '', 'WESA TECNOLOGIAS S.A. DE C.V. ', '', NULL, NULL, NULL),
(933, NULL, NULL, 0, 7, '0614-030295-108-8', 'CARE SYSTEMS S.A. DE C.V. ', '84542-6', NULL, NULL, NULL),
(934, NULL, NULL, 0, 0, '', 'CORPORACION LAS GEMELAS S.A. DE C.V. ', '', NULL, NULL, NULL),
(935, NULL, NULL, 0, 0, '', 'BLUE MARKETING ', '', NULL, NULL, NULL),
(936, NULL, NULL, 0, 0, '', 'LOGISS & MKT DE GUATEMALA S.A. ', '', NULL, NULL, NULL),
(937, NULL, NULL, 0, 0, '', 'IGLESIA CRISTO REDENTOR - ENCUENTROS CONYUGALES ', '', NULL, NULL, NULL),
(938, NULL, NULL, 0, 0, '', 'RED SOUP S.A. ', '', NULL, NULL, NULL),
(939, NULL, NULL, 0, 0, '', 'ROBERTO ORTIZ AVALOS ', '', NULL, NULL, NULL),
(940, NULL, NULL, 0, 0, '', 'INGUAT ', '', NULL, NULL, NULL),
(941, NULL, NULL, 0, 0, '', 'TRANSACTEL EL SALVADOR S.A. DE C.V.', '', NULL, NULL, NULL),
(942, NULL, NULL, 0, 0, '', 'COLEGIO INTERNACIONAL DE SAN SALVADOR S.A. DE C.V. ', '', NULL, NULL, NULL),
(943, NULL, NULL, 0, 0, '', 'SWISS CONTACT ', '', NULL, NULL, NULL),
(944, NULL, NULL, 0, 0, '', 'RAUL ISMAR SARABIA ', '', NULL, NULL, NULL),
(945, NULL, NULL, 0, 0, '', 'ALGASA', '', NULL, NULL, NULL),
(946, NULL, NULL, 0, 0, '', 'COMITE OPERATIVO RADIO SAN JOSE ', '', NULL, NULL, NULL),
(947, NULL, NULL, 0, 0, '', 'FUNDACION INCIDE ', '', NULL, NULL, NULL),
(948, NULL, NULL, 0, 0, '', 'DIAMANTES MEMORIALES S.A. DE C.V. ', '', NULL, NULL, NULL),
(949, NULL, NULL, 0, 0, '0614-200374-107-0', 'PERALTA MENDEZ , MIGUEL FRANCISCO ', '238070-2', NULL, NULL, NULL),
(950, NULL, NULL, 0, 0, '', 'SENTO INVERSIONES S.A. DE C.V. ', '', NULL, NULL, NULL),
(951, NULL, NULL, 0, 0, '0614-240381-001-2', 'EMBUTIDOS DE EL SALVADOR S.A. DE C.V. ', '431-6', NULL, NULL, NULL),
(952, NULL, NULL, 0, 0, '', 'RELOOKIN S.A. DE C.V.', '', NULL, NULL, NULL),
(953, NULL, NULL, 0, 0, '', 'APRIL S.A. DE C.V. ', '', NULL, NULL, NULL),
(954, NULL, NULL, 0, 0, '', 'J.W. SURIANO S.A. DE C.V. ', '', NULL, NULL, NULL),
(955, NULL, NULL, 0, 0, '', 'RENE FLORES ', '', NULL, NULL, NULL),
(956, NULL, NULL, 0, 0, '', 'SILVIA PATRICIA GIRON DE MENA ', '', NULL, NULL, NULL),
(957, NULL, NULL, 0, 0, '', 'CORPORACION SALVERRIA S.A. DE C.V. ', '', NULL, NULL, NULL),
(958, NULL, NULL, 0, 0, '0614-011009-105-0', 'GRUPO SATELITE S.A. DE C.V. ', '196746-0', NULL, NULL, NULL),
(959, NULL, NULL, 0, 0, '0614-190991-106-5', 'EDT EL SALVADOR S.A. DE C.V. ', '77950-4', NULL, NULL, NULL),
(960, NULL, NULL, 0, 0, '0614-151282-003-0', 'EMA SAL SA de CV', '39352-5', NULL, NULL, NULL),
(961, NULL, NULL, 0, 2, '0614-231157-001-0', 'EDITORIAL ALTAMIRANO MADRIZ S.A. DE C.V.', '27025-3', NULL, NULL, NULL),
(962, NULL, NULL, 0, 0, '0614-270378-003-7', 'PINTURA Y ENDEREZADO S.A. DE C.V.', '4655-8', NULL, NULL, NULL),
(963, NULL, NULL, 0, 0, '0614-010462-002-1', 'TALLER DIDEA S.A. DE C.V.', '27-2.', NULL, NULL, NULL),
(964, NULL, NULL, 0, 0, '0614-060489-106-8', 'ESPUMAS ARTIFICIALES S.A. DE C.V.', '1639-0', NULL, NULL, NULL),
(965, NULL, NULL, 0, 7, '0614-130256-003-7', 'EVELYN MARINA ORELLANA DE MELARA ', '8083-7', NULL, NULL, NULL),
(966, NULL, NULL, 0, 0, '0614-051009-103-3', ' ALMACENES EZA S.A. DE C.V.', '196892-3', NULL, NULL, NULL),
(967, NULL, NULL, 0, 0, '1217-230798-102-6', 'ABOGADOS CORPORATIVOS DE ORIENTE S.A. DE C.V.', '130108-4', NULL, NULL, NULL),
(968, NULL, NULL, 0, 0, '0614-100806-102-0', 'MODECALZA S.A. DE C.V.', '173940-5', NULL, NULL, NULL),
(969, NULL, NULL, 0, 0, '0614-270105-103-4', 'ARQCO OUTSOURCING DE EL SALVADOR S.A. DE C.V.', '162639-7', NULL, NULL, NULL),
(970, NULL, NULL, 0, 0, '0614-171075-001-9', 'ARROCERA SAN FRANCISCO S.A. DE C.V. ', '4041-0', NULL, NULL, NULL),
(971, NULL, NULL, 0, 0, '0614-080212-101-4', 'SANSEVERINO S.A. DE C.V. ', '215052-4', NULL, NULL, NULL),
(972, NULL, NULL, 0, 0, '1123-260757-001-0', 'DISTRIBUIDORA ELECTRICA DE USULUTAN S.A. DE C.V.', '3267-0', NULL, NULL, NULL),
(973, NULL, NULL, 0, 0, '0614-140604-103-9', 'JSH DE EL SALVADOR ', '157442-1', NULL, NULL, NULL),
(974, NULL, NULL, 0, 0, '', 'BMOBILE', '', NULL, NULL, NULL),
(975, NULL, NULL, 0, 0, '0614-050994-101-5', 'BANCO UNO, S.A.', '79729-4', NULL, NULL, NULL),
(976, NULL, NULL, 0, 0, '0614-120902-104-2', 'BARCA, S.A. DE C.V.', '145393-1', NULL, NULL, NULL),
(977, NULL, NULL, 0, 0, '0614-271107-102-5', 'BLOQUEPUBLICITARIO AG S.A. DE C.V.', '183323-3', NULL, NULL, NULL),
(978, NULL, NULL, 0, 0, '0614-180365-001-3', 'CANAL DOS, S.A. DE C.V. ', '322-0', NULL, NULL, NULL),
(979, NULL, NULL, 0, 0, '0614-141210-106-0', 'CUPON CLUB S.A. DE C.V.', '206871-3', NULL, NULL, NULL),
(980, NULL, NULL, 0, 0, '0614-170681-001-7', 'TECNOVISION, S.A. DE C.V.', '7019-0', NULL, NULL, NULL),
(981, NULL, NULL, 0, 0, '0619-250855-001-4', 'LUIS OSWALDO IGLESIAS MENDOZA', '107496-2', NULL, NULL, NULL),
(982, NULL, NULL, 5, 2, '0614-170589-101-4', 'COSMETICOS Y PERFUMES S.A. DE C.V.', '308-5', NULL, NULL, NULL),
(983, NULL, NULL, 0, 0, '', 'RIO VERDE S.A. DE C.V.', '4131-9', NULL, NULL, NULL),
(984, NULL, NULL, 0, 0, '0614-230675-001-6', 'COMERCIAL EXPORTADORA S.A. DE C.V.', '414-6', NULL, NULL, NULL),
(985, NULL, NULL, 0, 0, '', 'CASALS & ASSOCIATES,INC', '', NULL, NULL, NULL),
(986, NULL, NULL, 0, 0, '', 'BOLFA SA, ', '145984-0 ', NULL, NULL, NULL),
(987, NULL, NULL, 1, 7, '0614-010774-005-0', 'CAMARA DE COMERCIO E INDUSTRIA DE EL SALVADOR ', '9916-3', NULL, NULL, NULL),
(988, NULL, NULL, 0, 2, '0614-271102-101-0', 'CSH COMERCIAL S.A. DE C.V. ', '146532-0', NULL, NULL, NULL),
(989, NULL, NULL, 0, 0, '', 'COMITÉ DE PROYECCION SOCIAL CONDOMINIO PRONTESINA', '', NULL, NULL, NULL),
(990, NULL, NULL, 0, 0, '', 'CUTUCO ENERGY', '', NULL, NULL, NULL),
(991, NULL, NULL, 0, 0, '', 'FUNDACION CEA', '', NULL, NULL, NULL),
(992, NULL, NULL, 0, 0, '', 'COOPERACIÓN SUIZA', '', NULL, NULL, NULL),
(993, NULL, NULL, 0, 0, '0614-051211-103-1', 'CASTEL BEAUTY SUPPLY S.A', '213194-5', NULL, NULL, NULL),
(994, NULL, NULL, 0, 0, '0614-010182-001-1', 'CORPORACION SALVADOREÑA DE INVERSIONES (CORSAIN)', '4463-6', NULL, NULL, NULL),
(995, NULL, NULL, 0, 0, '0614-080601-103-5', 'CAJAS INTERNATIONAL S.A. DE C.V. ', '132006-0', NULL, NULL, NULL),
(996, NULL, NULL, 0, 0, '', 'CENPROMYPE', '', NULL, NULL, NULL),
(997, NULL, NULL, 0, 0, '0614-091178-002-8', 'CEMENTERIO LA RESURECCION S.A. DE C.V. ', '46664-6', NULL, NULL, NULL),
(998, NULL, NULL, 0, 0, '0614-110998-106-5', 'FUNERALES LAS FLORES S.A. DE C.V.', '109867-5', NULL, NULL, NULL),
(999, NULL, NULL, 0, 0, '0614-160906-101-9', 'CAPACITACIONS Y DESARROLLO DE EL SALVADOR, S.A. DE C.V.', '174734-0', NULL, NULL, NULL),
(1000, NULL, NULL, 0, 0, '0614-030903-104-9', 'CORPORATE SOLUTION, S.A. DE C.V.', '151759-2', NULL, NULL, NULL),
(1001, NULL, NULL, 0, 0, '', 'WALDEMAR ADOLFO MORENO ', '', NULL, NULL, NULL),
(1002, NULL, NULL, 0, 0, '', 'CONTACTA S.A. DE C.V.', '208227-9', NULL, NULL, NULL),
(1003, NULL, NULL, 0, 0, '0614-160109-103-2', 'DISTRIBUIDORA DE ALIMENTOS CONGELADOS S.A. DE C.V.', '191890-2', NULL, NULL, NULL),
(1004, NULL, NULL, 0, 0, '0614-180494-104-0', 'DACOTRANS DE CENTROAMERICA, SA', '78953-4', NULL, NULL, NULL),
(1005, NULL, NULL, 0, 0, '9450-230421-001-2', 'CAMILO RICARDO ROMERO GUZMAN ', '29061-0', NULL, NULL, NULL),
(1006, NULL, NULL, 0, 0, '0614-180592-103-4', 'DIVINOS S.A. DE C.V.', '62085-8', NULL, NULL, NULL),
(1007, NULL, NULL, 0, 0, '9483-071154-001-8', 'OBERLIN DE FIGUEROA, CLAUDIA IRENE ', '180240-4', NULL, NULL, NULL),
(1008, NULL, NULL, 0, 0, '', 'EMBAJADA AMERICANA', '', NULL, NULL, NULL),
(1009, NULL, NULL, 0, 0, '', 'EMBAJADA DE LA REPUBLICA DE CHINA TAIWAN ', '', NULL, NULL, NULL),
(1010, NULL, NULL, 0, 0, '', 'EMBAJADA DE ARGENTINA', '', NULL, NULL, NULL),
(1011, NULL, NULL, 0, 0, '9450-270760-001-1', 'Esso Standard Oil SA Limited', '594-0', NULL, NULL, NULL),
(1012, NULL, NULL, 0, 0, '0614-211105-110-1', 'NEGOCIOS EDITORIALES S.A. DE C.V.', '169927-8', NULL, NULL, NULL),
(1013, NULL, NULL, 0, 0, '0614-040411-104-1', 'ELECTRO ES, SOCIEDAD ANONIMA DE CAPITAL VARIABLE', '208439-4', NULL, NULL, NULL),
(1014, NULL, NULL, 0, 0, '0614-220612-105-0', 'EUROZAPATOS EL SALVADOR S.A. DE C.V. ', '218111-2', NULL, NULL, NULL),
(1015, NULL, NULL, 0, 0, '0614-231009-101-5', 'COORPORACION EVOLUCION S.A. de C.V.', '197112-1', NULL, NULL, NULL),
(1016, NULL, NULL, 0, 0, '0614-280604-103-4', 'SISTEMAS Y EQUIPOS DE SEGURIDAD ALTERNATIVOS S.A. DE C.V.', '157799-4', NULL, NULL, NULL),
(1017, NULL, NULL, 0, 0, '0614-040110-105-3', 'GERENCIA DE INMUEBLES ', '198707-4', NULL, NULL, NULL),
(1018, NULL, NULL, 0, 0, '0614-250472-001-6', 'FEDECACES DE R.L.', '29238-9', NULL, NULL, NULL),
(1019, NULL, NULL, 7, 0, '0614-010858-001-7', 'FREUND, S.A. DE C.V.', '41-8', NULL, NULL, NULL),
(1020, NULL, NULL, 0, 0, '0614-300307-103-8', 'BEE 2 BEE EVENTS S.A. DE C.V.', '178746-9', NULL, NULL, NULL),
(1021, NULL, NULL, 0, 0, '0614-230404-102-2', 'INTERLAV.S.A. DE C.V.', '156088-6', NULL, NULL, NULL),
(1022, NULL, NULL, 0, 0, '0511-081002-101-0', 'INVERSIONES MATERIALES ', '146168-6', NULL, NULL, NULL),
(1023, NULL, NULL, 4, 2, '0813-020300-101-0', 'INTCOMEX, S.A. DE C.V.', '119901-1', NULL, NULL, NULL),
(1024, NULL, NULL, 0, 0, '0614-281099-104-7', 'INCAPRO S.A. DE C.V. ', '116394-5', NULL, NULL, NULL),
(1025, NULL, NULL, 0, 0, '0614-030798-110-4', 'INDUSTRIAS SAN CHIA S.A. DE C.V. ', '107329-0', NULL, NULL, NULL),
(1026, NULL, NULL, 0, 0, '0614-2107033-102-3', 'INTRADECO EXPORT S.A. DE C.V.', '150633-4', NULL, NULL, NULL),
(1027, NULL, NULL, 0, 0, '0614-120310-104-4', 'INTERGER S.A. DE C.V.', '200470-0', NULL, NULL, NULL),
(1028, NULL, NULL, 0, 0, '0614-030497-103-5', 'ISERTEC DE EL SALVADOR SOCIEDAD ANONIMA DE CAPITAL VARIABLE ', '99317-4', NULL, NULL, NULL),
(1029, NULL, NULL, 0, 0, '0614-120303-104-6', 'INVERSIONES GF EL SALVADOR S.A. DE C.V. ', '148535-6', NULL, NULL, NULL),
(1030, NULL, NULL, 0, 0, '0614-300198-101-0', 'INGENIERIA Y TECNOLOGIA S.A DE C.V', '104031-6', NULL, NULL, NULL),
(1031, NULL, NULL, 0, 0, '0511-230604-101-1', 'ASOC. DE INSTRUMENTISTAS, SISTEMAS Y AUTOMATIZACION ', '160391-4', NULL, NULL, NULL),
(1032, NULL, NULL, 0, 0, '0510-270504-101-1', 'INMOBILIARIA LAS PILETAS S.A. DE C.V.', '156617-4', NULL, NULL, NULL),
(1033, NULL, NULL, 0, 0, '0614-210999-104-0', 'JIMENEZ BLANCO Y QUIROS S.A. DE C.V.  ', '115877-0', NULL, NULL, NULL),
(1034, NULL, NULL, 0, 0, '0614-280303-102-0', 'ADMINISTRADORA DE CONDOMINIOS, S.A. DE C.V.', '148486-0', NULL, NULL, NULL),
(1035, NULL, NULL, 0, 0, '0614-051197-101-0', 'LATINCO LTDA de C.V.', '102835-9', NULL, NULL, NULL),
(1036, NULL, NULL, 0, 0, '0614-280704-103-8', 'INVERSIONES INMOBILIARIAS ITALIA S.A. DE C.V.', '158123-2', NULL, NULL, NULL),
(1037, NULL, NULL, 0, 0, '0614-141292-119-9', 'RESTAURANTES Y SERVICIOS EL SALVADOR S.A. ', '104016-2', NULL, NULL, NULL),
(1038, NULL, NULL, 0, 0, '0614-231196-101-3', 'COORPORACION MONTELENA S.A. DE C.V.', '96726-2', NULL, NULL, NULL),
(1039, NULL, NULL, 0, 0, '0614-300913-103-2', 'MIXTURA GROUP S.A. DE C.V. ', '228064-4', NULL, NULL, NULL),
(1040, NULL, NULL, 0, 0, '0614-191213-109-7', 'MERAKI GROUP S.A. DE C.V.', '231127-8', NULL, NULL, NULL),
(1041, NULL, NULL, 0, 0, '0614-040609-102-1', 'POLISTEPEQUE S.A. DE C.V.', '195151-8', NULL, NULL, NULL);

-- --------------------------------------------------------

--
-- Estructura de tabla para la tabla `cotizaciones`
--

CREATE TABLE IF NOT EXISTS `cotizaciones` (
`id_cotizacion` int(11) NOT NULL,
  `estado` int(11) DEFAULT NULL,
  `fechacreacion` date DEFAULT NULL,
  `id_evento` int(11) DEFAULT NULL,
  `usuario` varchar(50) COLLATE utf8_spanish_ci DEFAULT NULL,
  `porcentajedesc` int(11) DEFAULT NULL
) ENGINE=InnoDB  DEFAULT CHARSET=utf8 COLLATE=utf8_spanish_ci AUTO_INCREMENT=16 ;

--
-- Volcado de datos para la tabla `cotizaciones`
--

INSERT INTO `cotizaciones` (`id_cotizacion`, `estado`, `fechacreacion`, `id_evento`, `usuario`, `porcentajedesc`) VALUES
(1, 1, '2015-10-18', 13, 'carloscuadra', NULL),
(2, 0, '2015-10-18', 12, 'carloscuadra', NULL),
(3, 1, '2015-10-18', 13, 'carloscuadra', NULL),
(4, 0, '2015-10-20', 14, 'carloscuadra', NULL),
(5, 0, '2015-10-20', 14, 'carloscuadra', NULL),
(6, 1, '2015-10-21', 13, 'carloscuadra', NULL),
(7, 1, '2016-01-16', 14, 'carloscuadra', NULL),
(8, 1, '2016-07-03', 16, 'carloscuadra', NULL),
(9, 0, '2016-08-29', NULL, 'carloscuadra', NULL),
(10, 0, '2016-09-06', 12, 'carlosguerra', NULL),
(11, 0, '2016-09-06', 12, 'carlosguerra', NULL),
(12, 0, '2016-09-16', 14, 'carloscuadra', NULL),
(13, 0, '2016-09-28', 14, 'carloscuadra', NULL),
(14, 1, '2016-09-29', 17, 'carloscuadra', NULL),
(15, 1, '2016-09-29', 17, 'carloscuadra', NULL);

-- --------------------------------------------------------

--
-- Estructura de tabla para la tabla `detallecotizacion`
--

CREATE TABLE IF NOT EXISTS `detallecotizacion` (
  `cantidad` int(11) DEFAULT NULL,
  `precio` int(11) DEFAULT NULL,
  `id_detallecotizacion` int(11) NOT NULL,
  `id_cotizacion` int(11) NOT NULL,
  `id_categoria` int(11) DEFAULT NULL,
  `id_producto` int(11) DEFAULT NULL
) ENGINE=InnoDB DEFAULT CHARSET=utf8 COLLATE=utf8_spanish_ci;

--
-- Volcado de datos para la tabla `detallecotizacion`
--

INSERT INTO `detallecotizacion` (`cantidad`, `precio`, `id_detallecotizacion`, `id_cotizacion`, `id_categoria`, `id_producto`) VALUES
(1, 175, 1, 1, 1, 1),
(1, 80, 1, 2, 6, 2),
(1, 20, 1, 3, 3, 6),
(1, 75, 1, 4, 2, 1),
(1, 175, 1, 5, 1, 1),
(1, 75, 1, 6, 2, 1),
(1, 75, 1, 7, 2, 1),
(1, 175, 1, 8, 1, 1),
(1, 10, 1, 10, 5, 4),
(1, 125, 1, 11, 6, 3),
(1, 175, 1, 12, 1, 1),
(1, 175, 1, 13, 1, 1),
(1, 175, 1, 14, 1, 1),
(1, 10, 1, 15, 3, 10),
(1, 175, 2, 1, 4, 1),
(1, 75, 2, 2, 2, 1),
(1, 150, 2, 4, 3, 1),
(1, 100, 2, 5, 1, 4),
(1, 150, 2, 6, 3, 1),
(1, 150, 2, 10, 3, 1),
(1, 300, 2, 12, 3, 2),
(1, 150, 2, 13, 3, 1),
(1, 150, 2, 14, 3, 1),
(1, 150, 3, 2, 3, 1),
(1, 175, 3, 4, 4, 1),
(1, 175, 4, 4, 1, 1),
(1, 10, 5, 4, 5, 1),
(1, 70, 6, 4, 6, 1);

-- --------------------------------------------------------

--
-- Estructura de tabla para la tabla `eventos`
--

CREATE TABLE IF NOT EXISTS `eventos` (
`id_evento` int(11) NOT NULL,
  `cancelado` tinyint(1) DEFAULT '0',
  `costo` double DEFAULT NULL,
  `encargado` varchar(255) COLLATE utf8_spanish_ci DEFAULT NULL,
  `estado` int(11) DEFAULT NULL,
  `fechafin` date DEFAULT NULL,
  `fechainicio` date DEFAULT NULL,
  `fechamontajefin` date DEFAULT NULL,
  `fechamontajeinicio` date DEFAULT NULL,
  `horafin` time DEFAULT NULL,
  `horainicio` time DEFAULT NULL,
  `horamontajefin` time DEFAULT NULL,
  `horamontajeinicio` time DEFAULT NULL,
  `nombre` varchar(255) COLLATE utf8_spanish_ci DEFAULT NULL,
  `observaciones` varchar(255) COLLATE utf8_spanish_ci DEFAULT NULL,
  `transporte` varchar(255) COLLATE utf8_spanish_ci DEFAULT NULL,
  `id_cliente` int(11) DEFAULT NULL,
  `lugar` varchar(300) COLLATE utf8_spanish_ci DEFAULT NULL
) ENGINE=InnoDB  DEFAULT CHARSET=utf8 COLLATE=utf8_spanish_ci AUTO_INCREMENT=19 ;

--
-- Volcado de datos para la tabla `eventos`
--

INSERT INTO `eventos` (`id_evento`, `cancelado`, `costo`, `encargado`, `estado`, `fechafin`, `fechainicio`, `fechamontajefin`, `fechamontajeinicio`, `horafin`, `horainicio`, `horamontajefin`, `horamontajeinicio`, `nombre`, `observaciones`, `transporte`, `id_cliente`, `lugar`) VALUES
(12, NULL, 590, '', 3, '2015-10-15', '2015-10-15', '2015-10-15', '2015-10-15', '13:58:00', '13:58:00', '13:58:00', '13:58:00', 'Evento de Prueba', NULL, '', 493, 'Siman Galerias'),
(13, NULL, 350, '', 3, '2015-10-16', '2015-10-16', '2015-10-16', '2015-10-16', '10:20:00', '10:20:00', '10:20:00', '10:20:00', 'Prueba 2', NULL, '', 494, ''),
(14, NULL, 1005, '', 0, '2015-10-21', '2015-10-21', '2015-10-20', '2015-10-20', '16:00:00', '10:15:00', '14:13:00', '14:13:00', 'Migracion', NULL, '', 495, 'San Marcos'),
(16, NULL, 0, '', 2, '2016-07-02', '2016-07-02', '2016-07-02', '2016-07-02', '23:51:00', '23:51:00', '23:51:00', '23:51:00', 'Evento de Prueba', NULL, '', 496, 'SAn Salvador'),
(17, NULL, 335, NULL, 1, '2016-10-01', '2016-10-01', '2016-09-30', '2016-09-28', '14:00:00', '10:00:00', '18:00:00', '08:00:00', 'PASARELA VERANO 2016', NULL, NULL, 493, ''),
(18, NULL, 0, '', 0, '2016-09-30', '2016-09-30', '2016-09-29', '2016-09-29', '23:00:00', '21:00:00', '11:22:00', '11:22:00', 'CHACALELE', NULL, '', 789, 'CHACALELE');

-- --------------------------------------------------------

--
-- Estructura de tabla para la tabla `facturacion`
--

CREATE TABLE IF NOT EXISTS `facturacion` (
  `idfactura` varchar(255) CHARACTER SET utf8 COLLATE utf8_spanish_ci NOT NULL,
  `idtdocumento` int(11) NOT NULL,
  `credito` tinyint(1) DEFAULT '0',
  `diascredito` int(11) DEFAULT '0',
  `id_evento` int(11) DEFAULT NULL,
  `idCliente` int(11) NOT NULL DEFAULT '0',
  `monto` double DEFAULT NULL,
  `descripcion` varchar(100) CHARACTER SET utf8 COLLATE utf8_spanish_ci DEFAULT NULL,
  `fechaingreso` date DEFAULT NULL,
  `fechaemision` date DEFAULT NULL,
  `generaiva` tinyint(1) DEFAULT '0',
  `tasaiva` double NOT NULL DEFAULT '0',
  `genretencion` tinyint(1) DEFAULT '0',
  `idquedan` varchar(255) DEFAULT NULL,
  `fechaquedan` date DEFAULT NULL,
  `estado` int(11) NOT NULL DEFAULT '0'
) ENGINE=InnoDB DEFAULT CHARSET=utf8;

--
-- Volcado de datos para la tabla `facturacion`
--

INSERT INTO `facturacion` (`idfactura`, `idtdocumento`, `credito`, `diascredito`, `id_evento`, `idCliente`, `monto`, `descripcion`, `fechaingreso`, `fechaemision`, `generaiva`, `tasaiva`, `genretencion`, `idquedan`, `fechaquedan`, `estado`) VALUES
('', 1, 0, 30, NULL, 491, 25000, NULL, '2016-09-28', '2016-09-28', 0, 13, 1, NULL, '2016-09-28', 2),
('A14210', 1, 0, 30, 14, 495, 25000, NULL, '2016-09-21', '2016-09-21', 0, 0, 0, NULL, '2016-09-21', 0),
('a145004', 1, 0, 30, 14, 495, 2500, NULL, '2016-09-21', '2016-09-21', 0, 0, 0, NULL, '2016-09-21', 0),
('a145015', 1, 0, 30, 14, 495, 25000, NULL, '2016-09-21', '2016-09-21', 0, 0, 0, NULL, '2016-09-21', 0),
('CF145014', 1, 1, 30, NULL, 493, 25000, NULL, '2016-09-28', '2016-09-28', 0, 13, 0, 'NQ2500150', '2016-09-28', 0),
('CF4545858', 3, 1, 45, NULL, 493, 250000, NULL, '2016-09-28', '2016-09-28', 0, 13, 1, NULL, '2016-09-28', 0),
('CF889989', 3, 0, 30, 17, 493, 150000, NULL, '2016-09-28', '2016-09-28', 0, 13, 0, NULL, '2016-09-28', 1),
('FC27092016', 1, 0, 30, 14, 495, 10000, NULL, '2016-09-27', '2016-09-27', 0, 13, 0, NULL, '2016-09-27', 0),
('FC28092016', 1, 1, 30, NULL, 677, 25000, NULL, '2016-09-28', '2016-09-28', 0, 13, 1, NULL, '2016-09-28', 0),
('FE45858', 2, 0, 30, NULL, 495, 24000, NULL, '2016-09-28', '2016-09-28', 0, 13, 0, NULL, '2016-09-28', 0);

-- --------------------------------------------------------

--
-- Estructura de tabla para la tabla `facturacionxpagar`
--

CREATE TABLE IF NOT EXISTS `facturacionxpagar` (
  `idfactura` varchar(255) CHARACTER SET utf8 COLLATE utf8_spanish_ci NOT NULL,
  `idtdocumento` int(11) NOT NULL,
  `credito` tinyint(1) DEFAULT '0',
  `diascredito` int(11) DEFAULT '0',
  `idproveedor` int(11) NOT NULL DEFAULT '0',
  `monto` double DEFAULT '0',
  `descripcion` varchar(100) CHARACTER SET utf8 COLLATE utf8_spanish_ci DEFAULT NULL,
  `fechaingreso` date DEFAULT NULL,
  `fechaemision` date DEFAULT NULL,
  `generaiva` tinyint(1) DEFAULT '0',
  `tasaiva` double NOT NULL DEFAULT '0',
  `genretencion` tinyint(1) DEFAULT '0',
  `idquedan` varchar(255) DEFAULT NULL,
  `fechaquedan` date DEFAULT NULL,
  `estado` int(11) NOT NULL DEFAULT '0'
) ENGINE=InnoDB DEFAULT CHARSET=utf8;

--
-- Volcado de datos para la tabla `facturacionxpagar`
--

INSERT INTO `facturacionxpagar` (`idfactura`, `idtdocumento`, `credito`, `diascredito`, `idproveedor`, `monto`, `descripcion`, `fechaingreso`, `fechaemision`, `generaiva`, `tasaiva`, `genretencion`, `idquedan`, `fechaquedan`, `estado`) VALUES
('01 DIC', 5, 1, 45, 27, 140000, NULL, '2016-09-27', '2016-09-27', 1, 13, 1, 'NQ7744731', '2016-09-27', 0),
('A142214', 1, 1, 5, 12, 25000, NULL, '2016-09-26', '2016-09-26', 0, 13, 0, 'NQ9939392', '2016-09-26', 0),
('a1471265', 2, 0, 0, 5, 30000, NULL, '2016-09-26', '2016-09-26', 0, 13, 1, NULL, '2016-09-26', 2),
('CF28092016', 3, 1, 30, 27, 45786.95, NULL, '2016-09-28', '2016-09-28', 0, 13, 1, NULL, '2016-09-28', 1),
('FC145287', 1, 1, 30, 26, 90500, NULL, '2016-09-26', '2016-09-26', 0, 13, 1, 'NQ98772', '2016-09-26', 0),
('FE27092016', 2, 1, 45, 9, 75000, NULL, '2016-09-27', '2016-09-27', 0, 12, 0, 'NQ27092016', '2016-09-27', 0),
('FE27092016', 2, 1, 90, 10, 3000, NULL, '2016-09-27', '2016-09-27', 0, 13, 1, 'NQ6000', '2016-09-27', 0);

-- --------------------------------------------------------

--
-- Estructura de tabla para la tabla `menu`
--

CREATE TABLE IF NOT EXISTS `menu` (
`id_menu` int(11) NOT NULL,
  `descripcion` varchar(255) COLLATE utf8_spanish_ci DEFAULT NULL,
  `url` varchar(255) COLLATE utf8_spanish_ci DEFAULT NULL,
  `tipo` tinyint(1) DEFAULT '1',
  `menu_sup` int(11) DEFAULT NULL
) ENGINE=InnoDB  DEFAULT CHARSET=utf8 COLLATE=utf8_spanish_ci AUTO_INCREMENT=10 ;

--
-- Volcado de datos para la tabla `menu`
--

INSERT INTO `menu` (`id_menu`, `descripcion`, `url`, `tipo`, `menu_sup`) VALUES
(1, 'Seguridad', 'faces/seguridad/seguridad.xhtml', 0, 8),
(2, 'Tarifario', 'faces/tarifas/tarifas.xhtml', 0, 8),
(3, 'Cotizador', 'faces/cotizacion/cotizacion.xhtml', 1, NULL),
(4, 'Clientes', 'faces/cliente/clientes.xhtml', 1, NULL),
(5, 'Categorias', 'faces/categoria/categorias.xhtml', 1, NULL),
(6, 'Productos', 'faces/productos/productos.xhtml', 1, NULL),
(7, 'Eventos', 'faces/evento/eventos.xhtml', 1, NULL),
(8, 'Cuentas por Cobrar', 'faces/cuentas/ccobrar.xhtml', 1, NULL),
(9, 'Cuentas por Pagar', 'faces/cuentas/cpagar.xhtml', 1, NULL);

-- --------------------------------------------------------

--
-- Estructura de tabla para la tabla `menurol`
--

CREATE TABLE IF NOT EXISTS `menurol` (
`id_asociacion` int(11) NOT NULL,
  `id_menu` int(11) DEFAULT NULL,
  `id_rol` int(11) DEFAULT NULL
) ENGINE=InnoDB  DEFAULT CHARSET=utf8 COLLATE=utf8_spanish_ci AUTO_INCREMENT=50 ;

--
-- Volcado de datos para la tabla `menurol`
--

INSERT INTO `menurol` (`id_asociacion`, `id_menu`, `id_rol`) VALUES
(37, 9, 4),
(38, 1, 1),
(39, 2, 1),
(40, 3, 1),
(41, 4, 1),
(42, 5, 1),
(43, 6, 1),
(44, 7, 1),
(45, 8, 1),
(46, 9, 1),
(47, 7, 2),
(48, 4, 2),
(49, 7, 3);

-- --------------------------------------------------------

--
-- Estructura de tabla para la tabla `pagos_factura`
--

CREATE TABLE IF NOT EXISTS `pagos_factura` (
`idpago` int(11) NOT NULL,
  `tipodocumento` int(11) NOT NULL,
  `idfactura` varchar(255) CHARACTER SET utf8 COLLATE utf8_spanish_ci NOT NULL,
  `tipopago` int(11) DEFAULT NULL,
  `idCliente` int(11) NOT NULL,
  `referencia` varchar(255) DEFAULT NULL,
  `monto` double DEFAULT NULL,
  `fechapago` date DEFAULT NULL,
  `fecharegistropago` date DEFAULT NULL
) ENGINE=InnoDB  DEFAULT CHARSET=utf8 AUTO_INCREMENT=10 ;

--
-- Volcado de datos para la tabla `pagos_factura`
--

INSERT INTO `pagos_factura` (`idpago`, `tipodocumento`, `idfactura`, `tipopago`, `idCliente`, `referencia`, `monto`, `fechapago`, `fecharegistropago`) VALUES
(1, 5, '1234', 1, 494, '', 2000, '2015-11-25', NULL),
(2, 1, '123456A', 1, 494, '', 2000, '2016-01-16', NULL),
(3, 3, '123456', 1, 493, '', 2500, '2016-02-06', NULL),
(4, 1, '12345', 1, 493, '', 226, '2016-02-06', NULL),
(5, 1, '123456', 2, 493, '', 226, '2016-02-05', '2016-02-06'),
(6, 1, '43434343', 1, 493, '', 282.5, '2016-02-18', '2016-02-06'),
(7, 3, 'abc12345', 1, 493, '', 1130, '2016-02-13', '2016-02-13'),
(8, 3, 'CF889989', 1, 493, '', 169500, '2016-09-29', '2016-09-29'),
(9, 3, 'CF889989', 1, 493, '', 169500, '2016-09-29', '2016-09-29');

-- --------------------------------------------------------

--
-- Estructura de tabla para la tabla `pagos_facturaxpagar`
--

CREATE TABLE IF NOT EXISTS `pagos_facturaxpagar` (
`idpago` int(11) NOT NULL,
  `tipodocumento` int(11) NOT NULL,
  `idfactura` varchar(255) CHARACTER SET utf8 COLLATE utf8_spanish_ci NOT NULL,
  `tipopago` int(11) DEFAULT NULL,
  `idproveedor` int(11) NOT NULL,
  `referencia` varchar(255) DEFAULT NULL,
  `monto` double DEFAULT NULL,
  `fechapago` date DEFAULT NULL,
  `fecharegistropago` date DEFAULT NULL
) ENGINE=InnoDB  DEFAULT CHARSET=utf8 AUTO_INCREMENT=2 ;

--
-- Volcado de datos para la tabla `pagos_facturaxpagar`
--

INSERT INTO `pagos_facturaxpagar` (`idpago`, `tipodocumento`, `idfactura`, `tipopago`, `idproveedor`, `referencia`, `monto`, `fechapago`, `fecharegistropago`) VALUES
(1, 3, 'CF28092016', 2, 27, 'BCO CITI CHQ 0120120151', 51281.384, '2016-09-28', '2016-09-28');

-- --------------------------------------------------------

--
-- Estructura de tabla para la tabla `parametrizacion`
--

CREATE TABLE IF NOT EXISTS `parametrizacion` (
  `codigo` varchar(10) NOT NULL,
  `descripcion` varchar(255) DEFAULT NULL,
  `valor` varchar(255) DEFAULT NULL,
  `estado` tinyint(1) DEFAULT '0'
) ENGINE=InnoDB DEFAULT CHARSET=utf8;

-- --------------------------------------------------------

--
-- Estructura de tabla para la tabla `productos`
--

CREATE TABLE IF NOT EXISTS `productos` (
  `caracteristicas` varchar(255) COLLATE utf8_spanish_ci DEFAULT NULL,
  `nombre` varchar(255) COLLATE utf8_spanish_ci DEFAULT NULL,
  `id_producto` int(11) NOT NULL,
  `id_categoria` int(11) NOT NULL
) ENGINE=InnoDB DEFAULT CHARSET=utf8 COLLATE=utf8_spanish_ci;

--
-- Volcado de datos para la tabla `productos`
--

INSERT INTO `productos` (`caracteristicas`, `nombre`, `id_producto`, `id_categoria`) VALUES
(NULL, 'CAMARA SONY NX5 FULL HD', 1, 1),
(NULL, '1 BOCINA /MICROFONO', 1, 2),
(NULL, 'ILUMINACION 10 LEDS', 1, 3),
(NULL, 'PANTALLA 4X4 + PROYECTOR', 1, 4),
(NULL, 'MESA ALTA VIDRIO NEVADO', 1, 5),
(NULL, 'STAND 2X2MTS CON FASCIA', 1, 6),
(NULL, 'CAMARA SONY REGULAR FULL HD', 2, 1),
(NULL, '2 BOCINAS/CONSOLA/1MICROFONO', 2, 2),
(NULL, 'ILUMINACION 20 LEDS', 2, 3),
(NULL, 'PANTALLA 3X3 + PROYECTOR', 2, 4),
(NULL, 'BANCOS ALTOS ', 2, 5),
(NULL, 'STAND 3X3MTS CON FASCIA', 2, 6),
(NULL, 'CAMARA CANON REGULAR  ', 3, 1),
(NULL, '4 BOCINAS/2 MICROFONOS', 3, 2),
(NULL, 'ILUMINACION 30 LEDS', 3, 3),
(NULL, 'PANTALLAS DE 2.5X2.5', 3, 4),
(NULL, 'SALA LOUNGE', 3, 5),
(NULL, 'BACKING 1 X 2.4 MTS', 3, 6),
(NULL, 'CIRCUITO CERRADO CON CAMARA CONTRATADA', 4, 1),
(NULL, '6 BOCINAS/2 MICROFONOS', 4, 2),
(NULL, 'ILUMINACION 40 LEDS', 4, 3),
(NULL, 'PANTALLA 1.70X1.70+PROYECTOR', 4, 4),
(NULL, 'OTTOMAN', 4, 5),
(NULL, 'BACKING 2 X 2.4 MTS', 4, 6),
(NULL, 'CIRCUITO CERRADO SIN CAMARA CONTRATADA', 5, 1),
(NULL, '8 BOCINAS/2 MICROFONOS', 5, 2),
(NULL, 'CONSOLA DE LUCES', 5, 3),
(NULL, 'PROYECTORES 2000-2500 LUMENS', 5, 4),
(NULL, 'BACKING 3 X 2.4 MTS', 5, 6),
(NULL, 'MICROFONO INALAMBRICO', 6, 2),
(NULL, 'LUCES PAR LED 64', 6, 3),
(NULL, 'PROYECTORES 3500 LUMENS', 6, 4),
(NULL, 'BACKING 4 X 2.4 MTS', 6, 6),
(NULL, 'MICROFONO DIADEMA Y SOLAPA', 7, 2),
(NULL, 'LUCES SLIM PAR 64', 7, 3),
(NULL, 'PROYECTORES 5000 LUMENS', 7, 4),
(NULL, 'BACKING 5 X 2.4 MTS', 7, 6),
(NULL, 'MICROFONO PRESIDENCIAL', 8, 2),
(NULL, 'PLACAS LED', 8, 3),
(NULL, 'PANTALLAS PLASMAS Y LCD 42', 8, 4),
(NULL, 'BACKING 6 X 2.4 MTS', 8, 6),
(NULL, 'BOCINA ADICIONAL', 9, 2),
(NULL, 'LUCES OPTOPAR', 9, 3),
(NULL, 'PANTALLAS PLASMAS Y LCD 50', 9, 4),
(NULL, 'BACKING 7 X 2.4 MTS', 9, 6),
(NULL, 'MICROFONO ADICIONAL', 10, 2),
(NULL, 'LUCES PARA BACKING', 10, 3),
(NULL, 'PANTALLA MODULAR COMPLETA 6.40 x 2.56 mts', 10, 4),
(NULL, 'MUPPIE ILUMINADO 2 IMPRESIONES', 10, 6),
(NULL, 'PEDESTAL PARA MICROFONO', 11, 2),
(NULL, 'CUBO ILUMINADO PEQUEÑO', 11, 3),
(NULL, 'PANTALLA MODULAR MITAD 3.20x 2.56 mts', 11, 4),
(NULL, 'MUPPIE ILUMINADO 1 IMPRESIONES', 11, 6),
(NULL, 'BAJO JBL', 12, 2),
(NULL, 'CUBO ILUMINADO GRANDE', 12, 3),
(NULL, 'PANTALLA MODULAR MODULO 0.64x0.64 cmts', 12, 4),
(NULL, 'BACKING 8 X 3 MTS CON 2 PANTALLAS', 12, 6),
(NULL, 'CUBO ILUMINADO GIGANTE', 13, 3),
(NULL, 'BAR ILUMINADO', 14, 3),
(NULL, 'BAR DOBLE ILUMINADO', 15, 3),
(NULL, 'BAR TRIPLE ILUMINADO', 16, 3),
(NULL, 'MUPPIE', 17, 3);

-- --------------------------------------------------------

--
-- Estructura de tabla para la tabla `proveedores`
--

CREATE TABLE IF NOT EXISTS `proveedores` (
`idproveedor` int(11) NOT NULL,
  `fechacreacion` date DEFAULT NULL,
  `contacto` varchar(255) COLLATE utf8_spanish_ci DEFAULT NULL,
  `razonsocial` varchar(255) COLLATE utf8_spanish_ci DEFAULT NULL,
  `nrc` varchar(255) COLLATE utf8_spanish_ci DEFAULT NULL,
  `nit` varchar(255) COLLATE utf8_spanish_ci DEFAULT NULL,
  `telefono` varchar(15) COLLATE utf8_spanish_ci DEFAULT NULL,
  `email` varchar(300) COLLATE utf8_spanish_ci DEFAULT NULL
) ENGINE=InnoDB  DEFAULT CHARSET=utf8 COLLATE=utf8_spanish_ci AUTO_INCREMENT=36 ;

--
-- Volcado de datos para la tabla `proveedores`
--

INSERT INTO `proveedores` (`idproveedor`, `fechacreacion`, `contacto`, `razonsocial`, `nrc`, `nit`, `telefono`, `email`) VALUES
(1, '2015-10-13', NULL, 'ACACYA DE R.L.', NULL, NULL, NULL, NULL),
(2, '2015-10-13', NULL, 'AIRE FRIO EL SALVADOR S.A. DE C.V.', NULL, NULL, NULL, NULL),
(3, '2015-10-13', NULL, 'ARNOLDO REINOSA HERNANDEZ', NULL, NULL, NULL, NULL),
(4, '2015-10-13', NULL, 'AUDIO VIDEO PROFESIONAL, S.A. DE C.V. ', NULL, NULL, NULL, NULL),
(5, '2015-10-13', NULL, 'CAMARA AMERICANA DE COMERCIO DE EL SALVADOR', NULL, NULL, NULL, NULL),
(6, '2015-10-13', NULL, 'CAMARA DE COMERCIO E INDUSTRIA DE EL SALVADOR', NULL, NULL, NULL, NULL),
(7, '2015-10-13', NULL, 'CARMEN ELENA MARTINEZ DE RIVAS', NULL, NULL, NULL, NULL),
(8, '2015-10-13', NULL, 'COLOR GROUP S.A. DE C.V.', NULL, NULL, NULL, NULL),
(9, '2015-10-13', NULL, 'COSASE S.A. DE C.V.', NULL, NULL, NULL, NULL),
(10, '2015-10-13', NULL, 'CREA EVENTOS S.A. DE C.V.', NULL, NULL, NULL, NULL),
(11, '2015-10-13', NULL, 'DOS MIL UNO MUSIC CENTER S.A. DE C.V.', NULL, NULL, NULL, NULL),
(12, '2015-10-13', NULL, 'EL ALFARERO EVENTOS Y MAS S.A. DE C.V.', NULL, NULL, NULL, NULL),
(13, '2015-10-13', NULL, 'EQUIPOS ELECTRONICOS VALDES S.A. DE C.V.', NULL, NULL, NULL, NULL),
(14, '2015-10-13', NULL, 'EVA YASMINA GAMEZ', NULL, NULL, NULL, NULL),
(15, '2015-10-13', NULL, 'FERNANDO RAFAEL MAGAÑA CASTRO', NULL, NULL, NULL, NULL),
(16, '2015-10-13', NULL, 'FIGUESAN S.A. DE C.V.', NULL, NULL, NULL, NULL),
(17, '2015-10-13', NULL, 'FIGUESAN, S.A. DE C.V.', NULL, NULL, NULL, NULL),
(18, '2015-10-13', NULL, 'GAMBITO GROUP S.A. DE C.V.', NULL, NULL, NULL, NULL),
(19, '2015-10-13', NULL, 'GRUPO EMPRESARIAL INNOVA S.A. DE C.V.', NULL, NULL, NULL, NULL),
(20, '2015-10-13', NULL, 'JOSE DANIEL VAQUERANO LAZO', NULL, NULL, NULL, NULL),
(21, '2015-10-13', NULL, 'JOSE JAVIER RIVERA CUBIAS', NULL, NULL, NULL, NULL),
(22, '2015-10-13', NULL, 'JOSE LUIS LINARES', NULL, NULL, NULL, NULL),
(23, '2015-10-13', NULL, 'JUAN CARLOS FLORES ZEPEDA', NULL, NULL, NULL, NULL),
(24, '2015-10-13', NULL, 'JUAN CARLOS LOPEZ', NULL, NULL, NULL, NULL),
(25, '2015-10-13', NULL, 'JUAN ROBERTO MENA A.', NULL, NULL, NULL, NULL),
(26, '2015-10-13', NULL, 'MARTA EUGENIA HIDALGO ALVAREZ', NULL, NULL, NULL, NULL),
(27, '2015-10-13', NULL, 'MILLICOM CABLE EL SALVADOR S.A. DE C.V.', NULL, NULL, NULL, NULL),
(29, '2015-10-13', NULL, 'MORENO MENENDEZ S.A. DE C.V.', NULL, NULL, NULL, NULL),
(30, '2015-10-13', NULL, 'PBS EL SALVADOR, S.A. DE C.V.', NULL, NULL, NULL, NULL),
(31, '2015-10-13', NULL, 'PRODUCCIONES EMANUEL S.A. DE C.V.', NULL, NULL, NULL, NULL),
(32, '2015-10-13', NULL, 'PUNTOTRANSACCIONES S.A. DE C.V.', NULL, NULL, NULL, NULL),
(33, '2015-10-13', NULL, 'QUINTANILLA Y SERRANO S.A. DE C.V.', NULL, NULL, NULL, NULL),
(34, '2015-10-13', NULL, 'SOLUCIONES PROFESIONALES S.A. DE C.V.', NULL, NULL, NULL, NULL),
(35, '2015-10-13', NULL, 'STB COMPUTER S.A. DE C.V.', NULL, NULL, NULL, NULL);

-- --------------------------------------------------------

--
-- Estructura de tabla para la tabla `roles`
--

CREATE TABLE IF NOT EXISTS `roles` (
`id_rol` int(11) NOT NULL,
  `rol` varchar(255) COLLATE utf8_spanish_ci DEFAULT NULL
) ENGINE=InnoDB  DEFAULT CHARSET=utf8 COLLATE=utf8_spanish_ci AUTO_INCREMENT=6 ;

--
-- Volcado de datos para la tabla `roles`
--

INSERT INTO `roles` (`id_rol`, `rol`) VALUES
(1, 'ADMINISTRADOR'),
(2, 'Cotizador'),
(3, 'Logistica'),
(4, 'prueba'),
(5, 'Restringido');

-- --------------------------------------------------------

--
-- Estructura de tabla para la tabla `tarifario`
--

CREATE TABLE IF NOT EXISTS `tarifario` (
`id_tarifa` int(11) NOT NULL,
  `id_producto` int(11) NOT NULL,
  `id_categoria` int(11) NOT NULL,
  `preciomax` int(11) DEFAULT '0',
  `preciomin` int(11) DEFAULT '0',
  `precioideal` int(11) DEFAULT '0'
) ENGINE=InnoDB  DEFAULT CHARSET=utf8 COLLATE=utf8_spanish_ci AUTO_INCREMENT=63 ;

--
-- Volcado de datos para la tabla `tarifario`
--

INSERT INTO `tarifario` (`id_tarifa`, `id_producto`, `id_categoria`, `preciomax`, `preciomin`, `precioideal`) VALUES
(1, 1, 1, 175, 125, 175),
(2, 2, 1, 150, 100, 150),
(3, 3, 1, 100, 75, 100),
(4, 4, 1, 100, 50, 75),
(5, 5, 1, 200, 150, 175),
(6, 1, 2, 75, 60, 75),
(7, 2, 2, 125, 100, 125),
(8, 3, 2, 250, 175, 219),
(9, 4, 2, 350, 250, 313),
(10, 5, 2, 500, 400, 500),
(11, 6, 2, 35, 25, 31),
(12, 7, 2, 35, 25, 31),
(13, 8, 2, 35, 30, 38),
(14, 9, 2, 50, 40, 50),
(15, 10, 2, 30, 20, 25),
(16, 11, 2, 20, 10, 13),
(17, 12, 2, 75, 50, 63),
(18, 1, 3, 150, 100, 125),
(19, 2, 3, 300, 200, 250),
(20, 3, 3, 450, 300, 375),
(21, 4, 3, 600, 400, 500),
(22, 5, 3, 50, 25, 31),
(23, 6, 3, 20, 10, 13),
(24, 7, 3, 20, 10, 13),
(25, 8, 3, 20, 10, 13),
(26, 9, 3, 30, 25, 31),
(27, 10, 3, 10, 5, 6),
(28, 11, 3, 30, 20, 25),
(29, 12, 3, 35, 25, 31),
(30, 13, 3, 100, 70, 88),
(31, 14, 3, 75, 60, 75),
(32, 15, 3, 150, 120, 150),
(33, 16, 3, 180, 150, 188),
(34, 17, 3, 90, 70, 88),
(35, 1, 4, 175, 125, 156),
(36, 2, 4, 150, 100, 125),
(37, 3, 4, 50, 40, 50),
(38, 4, 4, 75, 50, 63),
(39, 5, 4, 40, 25, 31),
(40, 6, 4, 75, 45, 56),
(41, 7, 4, 300, 175, 219),
(42, 8, 4, 75, 60, 70),
(43, 9, 4, 100, 75, 94),
(44, 10, 4, 4000, 3000, 3600),
(45, 11, 4, 2000, 1500, 1800),
(46, 12, 4, 100, 75, 90),
(47, 1, 5, 10, 8, 10),
(48, 2, 5, 10, 6, 8),
(49, 3, 5, 100, 60, 75),
(50, 4, 5, 10, 7, 9),
(51, 1, 6, 70, 50, 60),
(52, 2, 6, 80, 60, 70),
(53, 3, 6, 125, 90, 100),
(54, 4, 6, 250, 200, 225),
(55, 5, 6, 325, 275, 295),
(56, 6, 6, 425, 375, 395),
(57, 7, 6, 525, 475, 495),
(58, 8, 6, 625, 575, 595),
(59, 9, 6, 725, 675, 695),
(60, 10, 6, 150, 125, 125),
(61, 11, 6, 100, 80, 90),
(62, 12, 6, 795, 695, 700);

-- --------------------------------------------------------

--
-- Estructura de tabla para la tabla `usuariorol`
--

CREATE TABLE IF NOT EXISTS `usuariorol` (
  `id_usuario` int(11) NOT NULL,
  `id_rol` int(11) DEFAULT NULL
) ENGINE=InnoDB DEFAULT CHARSET=utf8 COLLATE=utf8_spanish_ci;

--
-- Volcado de datos para la tabla `usuariorol`
--

INSERT INTO `usuariorol` (`id_usuario`, `id_rol`) VALUES
(1, 1),
(2, 1),
(5, 1),
(6, 1),
(9, 1),
(13, 2),
(14, 5),
(15, 1),
(16, 3);

-- --------------------------------------------------------

--
-- Estructura de tabla para la tabla `usuarios`
--

CREATE TABLE IF NOT EXISTS `usuarios` (
`id_usuario` int(11) NOT NULL,
  `apellido` varchar(255) COLLATE utf8_spanish_ci DEFAULT NULL,
  `estado` tinyint(1) DEFAULT '0',
  `fechacreacion` datetime DEFAULT NULL,
  `login` varchar(255) COLLATE utf8_spanish_ci DEFAULT NULL,
  `nombre` varchar(255) COLLATE utf8_spanish_ci DEFAULT NULL,
  `password` varchar(255) COLLATE utf8_spanish_ci DEFAULT NULL,
  `validapass` tinyint(1) DEFAULT '0'
) ENGINE=InnoDB  DEFAULT CHARSET=utf8 COLLATE=utf8_spanish_ci AUTO_INCREMENT=17 ;

--
-- Volcado de datos para la tabla `usuarios`
--

INSERT INTO `usuarios` (`id_usuario`, `apellido`, `estado`, `fechacreacion`, `login`, `nombre`, `password`, `validapass`) VALUES
(1, 'Cuadra', 1, NULL, 'CARLOSCUADRA', 'Carlos', 'dffea30f0a83f1dffab2eae0e5da79ccb85f8db9dfe8c8b2b3b8990a4ee12da9ae9d50e5f7f9bd8a2a2803ed6fa61', 0),
(13, 'Lacayo', 0, NULL, 'GABRIELA', 'Gabriela', 'dffea30f0a83f1dffab2eae0e5da79ccb85f8db9dfe8c8b2b3b8990a4ee12da9ae9d50e5f7f9bd8a2a2803ed6fa61', 0),
(14, 'Guerra', 1, NULL, 'MARIOGUERRA', 'Mario', 'dffea30f0a83f1dffab2eae0e5da79ccb85f8db9dfe8c8b2b3b8990a4ee12da9ae9d50e5f7f9bd8a2a2803ed6fa61', 0),
(15, 'Guerra', 1, NULL, 'CARLOSGUERRA', 'Carlos', 'd459f0eabfd6ac680dacbfaadd1603e95faf3909de16b6db81fe9dfba53e8bce8df59db3a8ab9d0beb97cc9e81db', 0),
(16, 'Cuadra', 1, NULL, 'NATALIA', 'Natalia', 'd459f0eabfd6ac680dacbfaadd1603e95faf3909de16b6db81fe9dfba53e8bce8df59db3a8ab9d0beb97cc9e81db', 0);

--
-- Índices para tablas volcadas
--

--
-- Indices de la tabla `auxdetparam`
--
ALTER TABLE `auxdetparam`
 ADD PRIMARY KEY (`descripcion`,`codigo`,`estado`,`catalogo`);

--
-- Indices de la tabla `auxparam`
--
ALTER TABLE `auxparam`
 ADD PRIMARY KEY (`estado`,`id`);

--
-- Indices de la tabla `categorias`
--
ALTER TABLE `categorias`
 ADD PRIMARY KEY (`id_categoria`);

--
-- Indices de la tabla `clientes`
--
ALTER TABLE `clientes`
 ADD PRIMARY KEY (`id_cliente`);

--
-- Indices de la tabla `cotizaciones`
--
ALTER TABLE `cotizaciones`
 ADD PRIMARY KEY (`id_cotizacion`), ADD KEY `FK_cotizaciones_id_evento` (`id_evento`);

--
-- Indices de la tabla `detallecotizacion`
--
ALTER TABLE `detallecotizacion`
 ADD PRIMARY KEY (`id_detallecotizacion`,`id_cotizacion`), ADD KEY `FK_detallecotizacion_id_categoria` (`id_categoria`), ADD KEY `FK_detallecotizacion_id_cotizacion` (`id_cotizacion`), ADD KEY `FK_id_producto` (`id_producto`,`id_categoria`);

--
-- Indices de la tabla `eventos`
--
ALTER TABLE `eventos`
 ADD PRIMARY KEY (`id_evento`), ADD KEY `FK_eventos_id_cliente` (`id_cliente`);

--
-- Indices de la tabla `facturacion`
--
ALTER TABLE `facturacion`
 ADD PRIMARY KEY (`idfactura`,`idtdocumento`,`idCliente`), ADD KEY `FK_eventos_idx` (`id_evento`), ADD KEY `FK_cliente_idx` (`idCliente`);

--
-- Indices de la tabla `facturacionxpagar`
--
ALTER TABLE `facturacionxpagar`
 ADD PRIMARY KEY (`idfactura`,`idtdocumento`,`idproveedor`), ADD KEY `FK_proveedor_idx` (`idproveedor`);

--
-- Indices de la tabla `menu`
--
ALTER TABLE `menu`
 ADD PRIMARY KEY (`id_menu`);

--
-- Indices de la tabla `menurol`
--
ALTER TABLE `menurol`
 ADD PRIMARY KEY (`id_asociacion`);

--
-- Indices de la tabla `pagos_factura`
--
ALTER TABLE `pagos_factura`
 ADD PRIMARY KEY (`idpago`,`tipodocumento`,`idfactura`,`idCliente`), ADD KEY `factura` (`tipodocumento`,`idfactura`,`idCliente`), ADD KEY `FK_Clientes_idx` (`idCliente`);

--
-- Indices de la tabla `pagos_facturaxpagar`
--
ALTER TABLE `pagos_facturaxpagar`
 ADD PRIMARY KEY (`idpago`,`tipodocumento`,`idfactura`,`idproveedor`), ADD KEY `FK_proveedor_idx` (`idproveedor`);

--
-- Indices de la tabla `parametrizacion`
--
ALTER TABLE `parametrizacion`
 ADD PRIMARY KEY (`codigo`);

--
-- Indices de la tabla `productos`
--
ALTER TABLE `productos`
 ADD PRIMARY KEY (`id_producto`,`id_categoria`), ADD KEY `FK_productos_id_categoria` (`id_categoria`);

--
-- Indices de la tabla `proveedores`
--
ALTER TABLE `proveedores`
 ADD PRIMARY KEY (`idproveedor`);

--
-- Indices de la tabla `roles`
--
ALTER TABLE `roles`
 ADD PRIMARY KEY (`id_rol`);

--
-- Indices de la tabla `tarifario`
--
ALTER TABLE `tarifario`
 ADD PRIMARY KEY (`id_tarifa`,`id_producto`,`id_categoria`), ADD KEY `FK_tarifario_id_producto` (`id_producto`,`id_categoria`), ADD KEY `FK_tarifario_id_categoria` (`id_categoria`);

--
-- Indices de la tabla `usuariorol`
--
ALTER TABLE `usuariorol`
 ADD PRIMARY KEY (`id_usuario`);

--
-- Indices de la tabla `usuarios`
--
ALTER TABLE `usuarios`
 ADD PRIMARY KEY (`id_usuario`);

--
-- AUTO_INCREMENT de las tablas volcadas
--

--
-- AUTO_INCREMENT de la tabla `categorias`
--
ALTER TABLE `categorias`
MODIFY `id_categoria` int(11) NOT NULL AUTO_INCREMENT,AUTO_INCREMENT=7;
--
-- AUTO_INCREMENT de la tabla `clientes`
--
ALTER TABLE `clientes`
MODIFY `id_cliente` int(11) NOT NULL AUTO_INCREMENT,AUTO_INCREMENT=1042;
--
-- AUTO_INCREMENT de la tabla `cotizaciones`
--
ALTER TABLE `cotizaciones`
MODIFY `id_cotizacion` int(11) NOT NULL AUTO_INCREMENT,AUTO_INCREMENT=16;
--
-- AUTO_INCREMENT de la tabla `eventos`
--
ALTER TABLE `eventos`
MODIFY `id_evento` int(11) NOT NULL AUTO_INCREMENT,AUTO_INCREMENT=19;
--
-- AUTO_INCREMENT de la tabla `menu`
--
ALTER TABLE `menu`
MODIFY `id_menu` int(11) NOT NULL AUTO_INCREMENT,AUTO_INCREMENT=10;
--
-- AUTO_INCREMENT de la tabla `menurol`
--
ALTER TABLE `menurol`
MODIFY `id_asociacion` int(11) NOT NULL AUTO_INCREMENT,AUTO_INCREMENT=50;
--
-- AUTO_INCREMENT de la tabla `pagos_factura`
--
ALTER TABLE `pagos_factura`
MODIFY `idpago` int(11) NOT NULL AUTO_INCREMENT,AUTO_INCREMENT=10;
--
-- AUTO_INCREMENT de la tabla `pagos_facturaxpagar`
--
ALTER TABLE `pagos_facturaxpagar`
MODIFY `idpago` int(11) NOT NULL AUTO_INCREMENT,AUTO_INCREMENT=2;
--
-- AUTO_INCREMENT de la tabla `proveedores`
--
ALTER TABLE `proveedores`
MODIFY `idproveedor` int(11) NOT NULL AUTO_INCREMENT,AUTO_INCREMENT=36;
--
-- AUTO_INCREMENT de la tabla `roles`
--
ALTER TABLE `roles`
MODIFY `id_rol` int(11) NOT NULL AUTO_INCREMENT,AUTO_INCREMENT=6;
--
-- AUTO_INCREMENT de la tabla `tarifario`
--
ALTER TABLE `tarifario`
MODIFY `id_tarifa` int(11) NOT NULL AUTO_INCREMENT,AUTO_INCREMENT=63;
--
-- AUTO_INCREMENT de la tabla `usuarios`
--
ALTER TABLE `usuarios`
MODIFY `id_usuario` int(11) NOT NULL AUTO_INCREMENT,AUTO_INCREMENT=17;
--
-- Restricciones para tablas volcadas
--

--
-- Filtros para la tabla `cotizaciones`
--
ALTER TABLE `cotizaciones`
ADD CONSTRAINT `FK_cotizaciones_id_evento` FOREIGN KEY (`id_evento`) REFERENCES `eventos` (`id_evento`);

--
-- Filtros para la tabla `detallecotizacion`
--
ALTER TABLE `detallecotizacion`
ADD CONSTRAINT `FK_detallecotizacion_id_categoria` FOREIGN KEY (`id_categoria`) REFERENCES `categorias` (`id_categoria`),
ADD CONSTRAINT `FK_detallecotizacion_id_cotizacion` FOREIGN KEY (`id_cotizacion`) REFERENCES `cotizaciones` (`id_cotizacion`),
ADD CONSTRAINT `FK_detallecotizacion_id_producto` FOREIGN KEY (`id_producto`, `id_categoria`) REFERENCES `productos` (`id_producto`, `id_categoria`);

--
-- Filtros para la tabla `eventos`
--
ALTER TABLE `eventos`
ADD CONSTRAINT `FK_eventos_id_cliente` FOREIGN KEY (`id_cliente`) REFERENCES `clientes` (`id_cliente`);

--
-- Filtros para la tabla `facturacion`
--
ALTER TABLE `facturacion`
ADD CONSTRAINT `FK_cliente` FOREIGN KEY (`idCliente`) REFERENCES `clientes` (`id_cliente`) ON DELETE NO ACTION ON UPDATE NO ACTION,
ADD CONSTRAINT `FK_eventos` FOREIGN KEY (`id_evento`) REFERENCES `eventos` (`id_evento`) ON DELETE NO ACTION ON UPDATE NO ACTION;

--
-- Filtros para la tabla `facturacionxpagar`
--
ALTER TABLE `facturacionxpagar`
ADD CONSTRAINT `FK_proveedor` FOREIGN KEY (`idproveedor`) REFERENCES `proveedores` (`idproveedor`) ON DELETE NO ACTION ON UPDATE NO ACTION;

--
-- Filtros para la tabla `pagos_factura`
--
ALTER TABLE `pagos_factura`
ADD CONSTRAINT `FK_Clientes` FOREIGN KEY (`idCliente`) REFERENCES `clientes` (`id_cliente`) ON DELETE NO ACTION ON UPDATE NO ACTION;

--
-- Filtros para la tabla `pagos_facturaxpagar`
--
ALTER TABLE `pagos_facturaxpagar`
ADD CONSTRAINT `FK_proveedorfactura` FOREIGN KEY (`idproveedor`) REFERENCES `proveedores` (`idproveedor`) ON DELETE NO ACTION ON UPDATE NO ACTION;

--
-- Filtros para la tabla `productos`
--
ALTER TABLE `productos`
ADD CONSTRAINT `FK_productos_id_categoria` FOREIGN KEY (`id_categoria`) REFERENCES `categorias` (`id_categoria`);

--
-- Filtros para la tabla `tarifario`
--
ALTER TABLE `tarifario`
ADD CONSTRAINT `FK_tarifario_id_categoria` FOREIGN KEY (`id_categoria`) REFERENCES `categorias` (`id_categoria`),
ADD CONSTRAINT `FK_tarifario_id_producto` FOREIGN KEY (`id_producto`, `id_categoria`) REFERENCES `productos` (`id_producto`, `id_categoria`);

/*!40101 SET CHARACTER_SET_CLIENT=@OLD_CHARACTER_SET_CLIENT */;
/*!40101 SET CHARACTER_SET_RESULTS=@OLD_CHARACTER_SET_RESULTS */;
/*!40101 SET COLLATION_CONNECTION=@OLD_COLLATION_CONNECTION */;
