<?xml version="1.0" encoding="UTF-8"?>
<!DOCTYPE hibernate-reverse-engineering PUBLIC "-//Hibernate/Hibernate Reverse Engineering DTD 3.0//EN" "http://hibernate.sourceforge.net/hibernate-reverse-engineering-3.0.dtd">
<hibernate-reverse-engineering>
  <schema-selection match-catalog="dblotificaciones"/>
  <table-filter match-name="lo_pais"/>
  <table-filter match-name="lo_lotificacion"/>
  <table-filter match-name="lo_usuarios"/>
  <table-filter match-name="lo_departamento"/>
  <table-filter match-name="lo_municipios"/>
  <table-filter match-name="lo_lotes"/>
  <table-filter match-name="lo_clientes"/>
  <table-filter match-name="lo_pagos"/>
  <table-filter match-name="lo_detallepago"/>
  <table-filter match-name="lo_empresa"/>
  <table-filter match-name="lo_detallelotes"/>
  <table-filter match-name="lo_funcionarios"/>
</hibernate-reverse-engineering>
