<?xml version="1.0"?>
<!DOCTYPE hibernate-mapping PUBLIC "-//Hibernate/Hibernate Mapping DTD 3.0//EN"
"http://www.hibernate.org/dtd/hibernate-mapping-3.0.dtd">
<!-- Generated 08-02-2016 11:32:42 AM by Hibernate Tools 4.3.1 -->
<hibernate-mapping>
    <class name="pojos.LoLotes" table="lo_lotes" catalog="dblotificaciones" optimistic-lock="version">
        <composite-id name="id" class="pojos.LoLotesId">
            <key-property name="ltIdlote" type="int">
                <column name="lt_idlote" />
            </key-property>
            <key-property name="ltIdlotificacion" type="int">
                <column name="lt_idlotificacion" />
            </key-property>
            <key-property name="ltPoligono" type="string">
                <column name="lt_poligono" length="3" />
            </key-property>
        </composite-id>
        <property name="ltArea" type="java.lang.Double">
            <column name="lt_area" precision="22" scale="0" />
        </property>
        <property name="ltPrecio" type="java.lang.Double">
            <column name="lt_precio" precision="22" scale="0" />
        </property>
        <property name="ltEstado" type="java.lang.Character">
            <column name="lt_estado" length="1" />
        </property>
    </class>
</hibernate-mapping>
