<?xml version="1.0"?>
<!DOCTYPE hibernate-mapping PUBLIC "-//Hibernate/Hibernate Mapping DTD 3.0//EN"
"http://www.hibernate.org/dtd/hibernate-mapping-3.0.dtd">
<!-- Generated 08-02-2016 11:32:42 AM by Hibernate Tools 4.3.1 -->
<hibernate-mapping>
    <class name="pojos.LoPagos" table="lo_pagos" catalog="dblotificaciones" optimistic-lock="version">
        <composite-id name="id" class="pojos.LoPagosId">
            <key-property name="paFactura" type="string">
                <column name="pa_factura" length="15" />
            </key-property>
            <key-property name="paEstado" type="char">
                <column name="pa_estado" length="1" />
            </key-property>
            <key-property name="paFecha" type="timestamp">
                <column name="pa_fecha" length="0" />
            </key-property>
        </composite-id>
        <property name="paIdpago" type="int">
            <column name="pa_idpago" not-null="true" />
        </property>
        <property name="paIdcliente" type="java.lang.Integer">
            <column name="pa_idcliente" />
        </property>
        <property name="paValor" type="java.lang.Double">
            <column name="pa_valor" precision="22" scale="0" />
        </property>
    </class>
</hibernate-mapping>
