<?xml version="1.0"?>
<!DOCTYPE hibernate-mapping PUBLIC "-//Hibernate/Hibernate Mapping DTD 3.0//EN"
"http://www.hibernate.org/dtd/hibernate-mapping-3.0.dtd">
<!-- Generated 07-25-2016 03:21:00 PM by Hibernate Tools 4.3.1 -->
<hibernate-mapping>
    <class name="pojos.LoClientes" table="lo_clientes" catalog="dblotificaciones" optimistic-lock="version">
        <composite-id name="id" class="pojos.LoClientesId">
            <key-property name="clIdcliente" type="string">
                <column name="cl_idcliente" length="10" />
            </key-property>
            <key-property name="clIdempresa" type="int">
                <column name="cl_idempresa" />
            </key-property>
        </composite-id>
        <property name="clPNombre" type="string">
            <column name="cl_p_nombre" length="50" />
        </property>
        <property name="clSNombre" type="string">
            <column name="cl_s_nombre" length="50" />
        </property>
        <property name="clPApellido" type="string">
            <column name="cl_p_apellido" length="50" />
        </property>
        <property name="clSApellido" type="string">
            <column name="cl_s_apellido" length="50" />
        </property>
        <property name="clNombrecompleto" type="string">
            <column name="cl_nombrecompleto" length="250" not-null="true" />
        </property>
        <property name="clNumDocumento" type="string">
            <column name="cl_num_documento" length="10" unique="true" />
        </property>
        <property name="clNit" type="string">
            <column name="cl_nit" length="20" unique="true" />
        </property>
        <property name="clDireccion" type="string">
            <column name="cl_direccion" length="100" />
        </property>
        <property name="clIdMunicipio" type="java.lang.Integer">
            <column name="cl_id_municipio" />
        </property>
        <property name="clIdDepto" type="java.lang.Integer">
            <column name="cl_id_depto" />
        </property>
        <property name="clIdPais" type="java.lang.Integer">
            <column name="cl_id_pais" />
        </property>
        <property name="clTelefono" type="string">
            <column name="cl_telefono" length="10" />
        </property>
        <property name="clMovil" type="string">
            <column name="cl_movil" length="10" />
        </property>
        <property name="clFax" type="string">
            <column name="cl_fax" length="10" />
        </property>
        <property name="clEmail" type="string">
            <column name="cl_email" length="50" />
        </property>
        <property name="clFechaingreso" type="timestamp">
            <column name="cl_fechaingreso" length="19" not-null="true" />
        </property>
        <property name="clEstado" type="java.lang.Boolean">
            <column name="cl_estado" />
        </property>
    </class>
</hibernate-mapping>
