<?xml version="1.0"?>
<!DOCTYPE hibernate-mapping PUBLIC "-//Hibernate/Hibernate Mapping DTD 3.0//EN"
"http://www.hibernate.org/dtd/hibernate-mapping-3.0.dtd">
<!-- Generated 07-25-2016 03:21:00 PM by Hibernate Tools 4.3.1 -->
<hibernate-mapping>
    <class name="pojos.LoDetallelotes" table="lo_detallelotes" catalog="dblotificaciones" optimistic-lock="version">
        <id name="dtIdlote" type="int">
            <column name="dt_idlote" />
            <generator class="assigned" />
        </id>
        <property name="dtPoligono" type="string">
            <column name="dt_poligono" length="2" />
        </property>
        <property name="dtIdlotificacion" type="java.lang.Integer">
            <column name="dt_idlotificacion" />
        </property>
        <property name="dtIdcliente" type="java.lang.Integer">
            <column name="dt_idcliente" />
        </property>
        <property name="dtPlazo" type="java.lang.Integer">
            <column name="dt_plazo" />
        </property>
        <property name="dtFechaventa" type="timestamp">
            <column name="dt_fechaventa" length="19" />
        </property>
        <property name="dtFechaultimopago" type="timestamp">
            <column name="dt_fechaultimopago" length="19" />
        </property>
        <property name="dtInteres" type="java.lang.Double">
            <column name="dt_interes" precision="22" scale="0" />
        </property>
        <property name="dtPrima" type="java.lang.Double">
            <column name="dt_prima" precision="22" scale="0" />
        </property>
        <property name="dtCuota" type="java.lang.Double">
            <column name="dt_cuota" precision="22" scale="0" />
        </property>
    </class>
</hibernate-mapping>
