<?xml version="1.0"?>
<!DOCTYPE hibernate-mapping PUBLIC "-//Hibernate/Hibernate Mapping DTD 3.0//EN"
"http://www.hibernate.org/dtd/hibernate-mapping-3.0.dtd">
<!-- Generated 07-25-2016 03:21:00 PM by Hibernate Tools 4.3.1 -->
<hibernate-mapping>
    <class name="pojos.LoDetallepago" table="lo_detallepago" catalog="dblotificaciones" optimistic-lock="version">
        <composite-id name="id" class="pojos.LoDetallepagoId">
            <key-property name="dpIdpago" type="int">
                <column name="dp_idpago" />
            </key-property>
            <key-property name="dpIddetpago" type="int">
                <column name="dp_iddetpago" />
            </key-property>
        </composite-id>
        <property name="dpCapital" type="java.lang.Double">
            <column name="dp_capital" precision="22" scale="0" />
        </property>
        <property name="dpInteres" type="java.lang.Double">
            <column name="dp_interes" precision="22" scale="0" />
        </property>
        <property name="dpIva" type="java.lang.Double">
            <column name="dp_iva" precision="22" scale="0" />
        </property>
        <property name="dpPrima" type="java.lang.Double">
            <column name="dp_prima" precision="22" scale="0" />
        </property>
        <property name="dpMora" type="timestamp">
            <column name="dp_mora" length="19" />
        </property>
    </class>
</hibernate-mapping>
