<?xml version="1.0"?>
<!DOCTYPE hibernate-mapping PUBLIC "-//Hibernate/Hibernate Mapping DTD 3.0//EN"
"http://www.hibernate.org/dtd/hibernate-mapping-3.0.dtd">
<!-- Generated 07-25-2016 03:21:00 PM by Hibernate Tools 4.3.1 -->
<hibernate-mapping>
    <class name="pojos.LoDepartamento" table="lo_departamento" catalog="dblotificaciones" optimistic-lock="version">
        <composite-id name="id" class="pojos.LoDepartamentoId">
            <key-property name="deIddepartamento" type="int">
                <column name="de_iddepartamento" />
            </key-property>
            <key-property name="deDescripcion" type="string">
                <column name="de_descripcion" length="100" />
            </key-property>
            <key-property name="deIdpais" type="int">
                <column name="de_idpais" />
            </key-property>
        </composite-id>
        <property name="deEstado" type="java.lang.Boolean">
            <column name="de_estado" />
        </property>
    </class>
</hibernate-mapping>
