<?xml version="1.0"?>
<!DOCTYPE hibernate-mapping PUBLIC "-//Hibernate/Hibernate Mapping DTD 3.0//EN"
"http://www.hibernate.org/dtd/hibernate-mapping-3.0.dtd">
<!-- Generated 07-25-2016 03:21:00 PM by Hibernate Tools 4.3.1 -->
<hibernate-mapping>
    <class name="pojos.LoFuncionarios" table="lo_funcionarios" catalog="dblotificaciones" optimistic-lock="version">
        <composite-id name="id" class="pojos.LoFuncionariosId">
            <key-property name="fuIdfuncionario" type="string">
                <column name="fu_idfuncionario" length="13" />
            </key-property>
            <key-property name="fuEmpresa" type="int">
                <column name="fu_empresa" />
            </key-property>
        </composite-id>
        <property name="fuPnombre" type="string">
            <column name="fu_pnombre" length="50" not-null="true" />
        </property>
        <property name="fuSnombre" type="string">
            <column name="fu_snombre" length="50" />
        </property>
        <property name="fuPapellido" type="string">
            <column name="fu_papellido" length="50" not-null="true" />
        </property>
        <property name="fuSpellido" type="string">
            <column name="fu_spellido" length="50" />
        </property>
        <property name="fuNumdocumento" type="string">
            <column name="fu_numdocumento" length="10" />
        </property>
        <property name="fuEmail" type="string">
            <column name="fu_email" length="45" not-null="true" unique="true" />
        </property>
        <property name="fuEstado" type="java.lang.Boolean">
            <column name="fu_estado" />
        </property>
    </class>
</hibernate-mapping>
