<?xml version="1.0"?>
<!DOCTYPE hibernate-mapping PUBLIC "-//Hibernate/Hibernate Mapping DTD 3.0//EN"
"http://www.hibernate.org/dtd/hibernate-mapping-3.0.dtd">
<!-- Generated 07-25-2016 03:21:00 PM by Hibernate Tools 4.3.1 -->
<hibernate-mapping>
    <class name="pojos.LoPais" table="lo_pais" catalog="dblotificaciones" optimistic-lock="version">
        <composite-id name="id" class="pojos.LoPaisId">
            <key-property name="paPais" type="int">
                <column name="pa_pais" />
            </key-property>
            <key-property name="paDescripcionesp" type="string">
                <column name="pa_descripcionesp" length="100" />
            </key-property>
            <key-property name="paIso2" type="string">
                <column name="pa_iso2" length="3" />
            </key-property>
        </composite-id>
        <property name="paDescripcioneng" type="string">
            <column name="pa_descripcioneng" length="100" />
        </property>
        <property name="paIso3" type="string">
            <column name="pa_iso3" length="3" />
        </property>
        <property name="paCodigotelefono" type="string">
            <column name="pa_codigotelefono" length="4" />
        </property>
        <property name="paEstado" type="java.lang.Boolean">
            <column name="pa_estado" />
        </property>
    </class>
</hibernate-mapping>
