<?xml version="1.0"?>
<!DOCTYPE hibernate-mapping PUBLIC "-//Hibernate/Hibernate Mapping DTD 3.0//EN"
"http://www.hibernate.org/dtd/hibernate-mapping-3.0.dtd">
<!-- Generated 17-feb-2015 14:28:13 by Hibernate Tools 4.3.1 -->
<hibernate-mapping>
    <class name="pojos.LoEmpresa" table="lo_empresa" catalog="dblotificaciones" optimistic-lock="version">
        <composite-id name="id" class="pojos.LoEmpresaId">
            <key-property name="emIdempresa" type="int">
                <column name="em_idempresa" />
            </key-property>
            <key-property name="emNombre" type="string">
                <column name="em_nombre" length="100" />
            </key-property>
        </composite-id>
        <property name="emFecharegistro" type="timestamp">
            <column name="em_fecharegistro" length="19" not-null="true" />
        </property>
        <property name="emPais" type="java.lang.Integer">
            <column name="em_pais" />
        </property>
        <property name="emDepartamento" type="java.lang.Integer">
            <column name="em_departamento" />
        </property>
        <property name="emMunicipio" type="java.lang.Integer">
            <column name="em_municipio" />
        </property>
        <property name="emDireccion" type="string">
            <column name="em_direccion" />
        </property>
        <property name="emEstado" type="java.lang.Boolean">
            <column name="em_estado" />
        </property>
        <property name="emCodigoverificacion" type="string">
            <column name="em_codigoverificacion" length="13" />
        </property>
    </class>
</hibernate-mapping>
