<?xml version="1.0"?>
<!DOCTYPE hibernate-mapping PUBLIC "-//Hibernate/Hibernate Mapping DTD 3.0//EN"
"http://www.hibernate.org/dtd/hibernate-mapping-3.0.dtd">
<!-- Generated 17-feb-2015 14:28:13 by Hibernate Tools 4.3.1 -->
<hibernate-mapping>
    <class name="pojos.LoMunicipios" table="lo_municipios" catalog="dblotificaciones" optimistic-lock="version">
        <composite-id name="id" class="pojos.LoMunicipiosId">
            <key-property name="muIdmunicipio" type="int">
                <column name="mu_idmunicipio" />
            </key-property>
            <key-property name="muDescripcion" type="string">
                <column name="mu_descripcion" length="100" />
            </key-property>
            <key-property name="muIddepartamento" type="int">
                <column name="mu_iddepartamento" />
            </key-property>
        </composite-id>
        <property name="muEstado" type="java.lang.Boolean">
            <column name="mu_estado" />
        </property>
    </class>
</hibernate-mapping>
