<?xml version="1.0"?>
<!DOCTYPE hibernate-mapping PUBLIC "-//Hibernate/Hibernate Mapping DTD 3.0//EN"
"http://www.hibernate.org/dtd/hibernate-mapping-3.0.dtd">
<!-- Generated 17-feb-2015 14:28:13 by Hibernate Tools 4.3.1 -->
<hibernate-mapping>
    <class name="pojos.LoPais" table="lo_pais" catalog="dblotificaciones" optimistic-lock="version">
        <composite-id name="id" class="pojos.LoPaisId">
            <key-property name="paPais" type="int">
                <column name="pa_pais" />
            </key-property>
            <key-property name="paDescripcion" type="string">
                <column name="pa_descripcion" length="100" />
            </key-property>
            <key-property name="paIso" type="string">
                <column name="pa_iso" length="3" />
            </key-property>
        </composite-id>
        <property name="paEstado" type="java.lang.Boolean">
            <column name="pa_estado" />
        </property>
    </class>
</hibernate-mapping>
