<?xml version="1.0"?>
<!DOCTYPE hibernate-mapping PUBLIC "-//Hibernate/Hibernate Mapping DTD 3.0//EN"
"http://www.hibernate.org/dtd/hibernate-mapping-3.0.dtd">
<!-- Generated 17-feb-2015 14:28:13 by Hibernate Tools 4.3.1 -->
<hibernate-mapping>
    <class name="pojos.LoUsuarios" table="lo_usuarios" catalog="dblotificaciones" optimistic-lock="version">
        <id name="usCodigousuario" type="string">
            <column name="us_codigousuario" length="13" />
            <generator class="assigned" />
        </id>
        <property name="usLogin" type="string">
            <column name="us_login" length="20" not-null="true" unique="true" />
        </property>
        <property name="usPassword" type="string">
            <column name="us_password" not-null="true" />
        </property>
        <property name="usRol" type="java.lang.Integer">
            <column name="us_rol" />
        </property>
        <property name="usEstado" type="java.lang.Boolean">
            <column name="us_estado" />
        </property>
    </class>
</hibernate-mapping>
