<?xml version="1.0"?>
<!DOCTYPE hibernate-mapping PUBLIC "-//Hibernate/Hibernate Mapping DTD 3.0//EN"
"http://www.hibernate.org/dtd/hibernate-mapping-3.0.dtd">
<!-- Generated 08-02-2016 11:32:42 AM by Hibernate Tools 4.3.1 -->
<hibernate-mapping>
    <class name="pojos.LoLotificacion" table="lo_lotificacion" catalog="dblotificaciones" optimistic-lock="version">
        <composite-id name="id" class="pojos.LoLotificacionId">
            <key-property name="loIdlotificacion" type="string">
                <column name="lo_idlotificacion" length="13" />
            </key-property>
            <key-property name="loEmpresa" type="int">
                <column name="lo_empresa" />
            </key-property>
            <key-property name="loNombre" type="string">
                <column name="lo_nombre" length="100" />
            </key-property>
        </composite-id>
        <property name="loPropietario" type="string">
            <column name="lo_propietario" length="100" />
        </property>
        <property name="loDireccion" type="string">
            <column name="lo_direccion" length="100" />
        </property>
        <property name="loIdpais" type="java.lang.Integer">
            <column name="lo_idpais" />
        </property>
        <property name="loIddepartamento" type="java.lang.Integer">
            <column name="lo_iddepartamento" />
        </property>
        <property name="loIdmunicipio" type="java.lang.Integer">
            <column name="lo_idmunicipio" />
        </property>
        <property name="loArea" type="java.lang.Double">
            <column name="lo_area" precision="22" scale="0" />
        </property>
        <property name="loNumerolotes" type="java.lang.Integer">
            <column name="lo_numerolotes" />
        </property>
        <property name="loEstado" type="java.lang.Boolean">
            <column name="lo_estado" />
        </property>
    </class>
</hibernate-mapping>
