<?xml version="1.0" encoding="UTF-8"?>
<!DOCTYPE hibernate-configuration PUBLIC "-//Hibernate/Hibernate Configuration DTD 3.0//EN" "http://hibernate.sourceforge.net/hibernate-configuration-3.0.dtd">
<hibernate-configuration>
  <session-factory>
    <property name="hibernate.dialect">org.hibernate.dialect.MySQLDialect</property>
    <property name="hibernate.connection.driver_class">com.mysql.jdbc.Driver</property>
    <!--<property name="hibernate.connection.datasource">java:jboss/datasources/lotificacionDS</property>-->
    <property name="hibernate.connection.url">jdbc:mysql://localhost:3306/dblotificaciones?zeroDateTimeBehavior=convertToNull</property>
    <property name="hibernate.connection.username">lotificaciones</property>
    <property name="hibernate.connection.password">lotificaciones</property>
    <property name="hibernate.show_sql">true</property>
    <property name="hibernate.current_session_context_class">jta</property>
    <property name="hibernate.query.substitutions">true 1, false 0</property>
    <mapping resource="pojos/LoDetallepago.hbm.xml"/>
    <mapping resource="pojos/LoDepartamento.hbm.xml"/>
    <mapping resource="pojos/LoEmpresa.hbm.xml"/>
    <mapping resource="pojos/LoLotes.hbm.xml"/>
    <mapping resource="pojos/LoUsuarios.hbm.xml"/>
    <mapping resource="pojos/LoLotificacion.hbm.xml"/>
    <mapping resource="pojos/LoMunicipios.hbm.xml"/>
    <mapping resource="pojos/LoFuncionarios.hbm.xml"/>
    <mapping resource="pojos/LoPagos.hbm.xml"/>
    <mapping resource="pojos/LoClientes.hbm.xml"/>
    <mapping resource="pojos/LoDetallelotes.hbm.xml"/>
    <mapping resource="pojos/LoPais.hbm.xml"/>
  </session-factory>
</hibernate-configuration>
